年度,事件名稱,災害類型,縣市,鄉鎮,村里,災害地點,速報連結,災害時間,審查會議日期
111,其他,崩塌,花蓮縣,秀林鄉,富世村,台 8 線 117.4K,https://246.swcb.gov.tw/AllFiles/PDF/04.111其他-花蓮秀林-001(最速報).pdf,20220426,2022-04-29 00:00:00
111,其他,崩塌,臺東縣,太麻里鄉,多良村,台 9 縣 400K+500,https://246.swcb.gov.tw/AllFiles/PDF/03.111其他-台東太麻里-001(最速報).pdf,20220422,2022-04-26 00:00:00
111,其他,崩塌,苗栗縣,頭屋鄉,明德村,苗126線26.1K、苗126線26.2K、苗126線28.5K,https://246.swcb.gov.tw/AllFiles/PDF/02.111其他-苗栗頭屋-001(最速報).pdf,20220328,2022-04-01 00:00:00
111,其他,崩塌,基隆市,信義區,孝忠里,槓子寮路資源回收場,https://246.swcb.gov.tw/AllFiles/PDF/01.111年其他-基隆信義-001(最速報).pdf,20220223,2022-02-25 00:00:00
110,1013豪雨,崩塌,花蓮縣,瑞穗鄉,奇美村,瑞港公路花64線2.3K處,https://246.swcb.gov.tw/AllFiles/PDF/29.1013豪雨-花蓮瑞穗-001(最速報).pdf,20211013,2021-10-15 00:00:00
110,1013豪雨,土石流,花蓮縣,玉里鎮,大禹里,大禹里10~18鄰,https://246.swcb.gov.tw/AllFiles/PDF/32.1013豪雨-花蓮玉里-003(最速報).pdf,20211013,2021-10-15 00:00:00
110,1013豪雨,土石流,花蓮縣,玉里鎮,大禹里,大禹里18鄰,https://246.swcb.gov.tw/AllFiles/PDF/31.1013豪雨-花蓮玉里-002(最速報).pdf,20211013,2021-10-15 00:00:00
110,1013豪雨,崩塌,花蓮縣,玉里鎮,松浦里,松浦里138-1號,https://246.swcb.gov.tw/AllFiles/PDF/30.1013豪雨-花蓮玉里-001(最速報).pdf,20211013,2021-10-15 00:00:00
110,圓規颱風,土石流,臺東縣,大武鄉,大竹村,台9線411K富山橋,https://246.swcb.gov.tw/AllFiles/PDF/28.圓規颱風-臺東大武-001(最速報).pdf,20211012,2021-10-15 00:00:00
110,圓規颱風,"土石流,崩塌",花蓮縣,秀林鄉,銅門村,榕樹部落翡翠谷入口處,https://246.swcb.gov.tw/AllFiles/PDF/27.圓規颱風-花蓮秀林-001(最速報).pdf,20211012,2021-10-15 00:00:00
110,其他,崩塌,新竹縣,尖石鄉,秀巒村,竹60線31K處邊坡,https://246.swcb.gov.tw/AllFiles/PDF/26.110年其他-新竹尖石-001(最速報).pdf,20210913,2021-08-09 00:00:00
110,其他,崩塌,南投縣,集集鎮,富山里,台16線12K處,https://246.swcb.gov.tw/AllFiles/PDF/23.0815其他-南投集集-001(最速報).pdf,20210814,2021-08-06 00:00:00
110,其他,崩塌,高雄市,桃源區,寶山里,小關山林道3.5K,https://246.swcb.gov.tw/AllFiles/PDF/24.0815其他-高雄桃源-001(最速報).pdf,20210811,2021-08-19 00:00:00
110,其他,崩塌,高雄市,旗山區,南勝里,台29線78K處野溪源頭,https://246.swcb.gov.tw/AllFiles/PDF/25.0816其他-高雄旗山-001(最速報).pdf,20210808,2021-08-19 00:00:00
110,盧碧颱風,崩塌,南投縣,仁愛鄉,萬豐村,投83線25K處,https://246.swcb.gov.tw/AllFiles/PDF/19.盧碧颱風暨0806水災-南投仁愛-001(最速報).pdf,20210807,2021-08-06 00:00:00
110,盧碧颱風,"土石流,崩塌",高雄市,桃源區,勤和里,台20線明霸克露橋,https://246.swcb.gov.tw/AllFiles/PDF/22.盧碧颱風暨0806水災-高雄桃源-002(最速報).pdf,20210807,2021-08-16 00:00:00
110,盧碧颱風,崩塌,新竹縣,關西鎮,東山里,竹28線5.4K處,https://246.swcb.gov.tw/AllFiles/PDF/16.盧碧颱風暨0806水災-新竹關西-001(最速報).pdf,20210807,2021-08-06 00:00:00
110,盧碧颱風,土石流,高雄市,六龜區,新發里,高133鄉道檳園渡假山莊旁野溪,https://246.swcb.gov.tw/AllFiles/PDF/15.盧碧颱風暨0806水災-高雄六龜-002(最速報).pdf,20210807,2021-08-09 00:00:00
110,盧碧颱風,"土石流,崩塌",高雄市,六龜區,新發里,美崙山溫泉渡假山莊,https://246.swcb.gov.tw/AllFiles/PDF/14.盧碧颱風暨0806水災-高雄六龜-001(最速報).pdf,20210807,2021-08-09 00:00:00
110,盧碧颱風,崩塌,彰化縣,彰化市,安溪里,安溪路591巷,https://246.swcb.gov.tw/AllFiles/PDF/10.盧碧颱風暨0806水災-彰化彰化-001(最速報).pdf,20210807,2021-08-08 00:00:00
110,盧碧颱風,崩塌,苗栗縣,大湖鄉,栗林村,栗林村台3線136.2公里處,https://246.swcb.gov.tw/AllFiles/PDF/13.盧碧颱風暨0806水災-苗栗大湖-001(最速報).pdf,20210807,2021-08-09 00:00:00
110,盧碧颱風,"沖蝕,崩塌",臺南市,龍崎區,石曹里,石嘈里蜈蜞埔3號邊坡,https://246.swcb.gov.tw/AllFiles/PDF/09.盧碧颱風暨0806水災-臺南龍崎-001(最速報).pdf,20210807,2021-08-09 00:00:00
110,盧碧颱風,崩塌,南投縣,中寮鄉,福盛村,福盛村仙洞巷1K處上邊坡,https://246.swcb.gov.tw/AllFiles/PDF/17.盧碧颱風暨0806水災-南投中寮-001(最速報).pdf,20210807,2021-08-09 00:00:00
110,盧碧颱風,崩塌,高雄市,桃源區,拉芙蘭里,台20線100.5K,https://246.swcb.gov.tw/AllFiles/PDF/12.盧碧颱風暨0806水災-高雄桃源-001(最速報).pdf,20210807,2021-08-09 00:00:00
110,盧碧颱風,"沖蝕,崩塌",南投縣,國姓鄉,大石村,大石村7鄰,https://246.swcb.gov.tw/AllFiles/PDF/18.盧碧颱風暨0806水災-南投國姓-001(最速報).pdf,20210807,2021-08-06 00:00:00
110,盧碧颱風,崩塌,嘉義縣,阿里山鄉,十字村,阿里山青年活動中心約300公尺道路上邊坡,https://246.swcb.gov.tw/AllFiles/PDF/21.盧碧颱風暨0806水災-嘉義阿里山-001(最速報).pdf,20210807,2021-08-16 00:00:00
110,盧碧颱風,崩塌,高雄市,六龜區,興龍里,興龍里舊潭53號前之農路、潛勢溪流(高市DF054),https://246.swcb.gov.tw/AllFiles/PDF/20.盧碧颱風暨0806水災-高雄六龜-003(最速報).pdf,20210807,2021-08-13 00:00:00
110,盧碧颱風,崩塌,臺南市,龍崎區,崎頂里,崎頂里水坑農路 ,https://246.swcb.gov.tw/AllFiles/PDF/11.盧碧颱風暨0806水災-台南龍崎-002(最速報).pdf,20210805,2021-08-09 00:00:00
110,0731豪雨,"土石流,崩塌",高雄市,六龜區,中興里,台27線14K處,https://246.swcb.gov.tw/AllFiles/PDF/08.0731豪雨-高雄六龜-001(最速報).pdf,20210802,2021-08-09 00:00:00
110,0731豪雨,崩塌,嘉義縣,竹崎鄉,光華村,嘉159甲線32K處,https://246.swcb.gov.tw/AllFiles/PDF/07.0731豪雨-嘉義竹崎-001(最速報).pdf,20210801,2021-08-09 00:00:00
110,其他,崩塌,苗栗縣,大湖鄉,富興村,苗62線2K處,https://246.swcb.gov.tw/AllFiles/PDF/06.其他-苗栗大湖-001(最速報).pdf,20210630,2021-08-09 00:00:00
110,0621豪雨,崩塌,嘉義縣,大埔鄉,和平村,嘉133線4K處,https://246.swcb.gov.tw/AllFiles/PDF/05.0621豪雨暨光華崩塌-嘉義大埔-001(最速報).pdf,20210620,2121-06-25 00:00:00
110,0621豪雨,崩塌,桃園市,復興區,華陵里,臺7線50K 大漢橋上游100 公尺,https://246.swcb.gov.tw/AllFiles/PDF/04.0621豪雨暨光華崩塌-桃園復興-001(最速報).pdf,20210616,2021-06-25 00:00:00
110,其他,崩塌,苗栗縣,南庄鄉,東河村,苗21線6.5K,https://246.swcb.gov.tw/AllFiles/PDF/03.0615其他-苗栗南庄-001(最速報).pdf,20210613,2021-06-17 00:00:00
110,彩雲颱風暨0605豪雨,崩塌,南投縣,仁愛鄉,大同村,投 89 線 46.3K 之舊崩塌地,https://246.swcb.gov.tw/AllFiles/PDF/02.彩雲颱風暨0605豪雨-南投仁愛-002(最速報).pdf,20210604,2021-06-10 00:00:00
110,彩雲颱風暨0605豪雨,崩塌,南投縣,仁愛鄉,力行村,投 89 線 15K 之 3 處舊崩塌地,https://246.swcb.gov.tw/AllFiles/PDF/01.彩雲颱風暨0605豪雨-南投仁愛-001(最速報).pdf,20210530,2021-06-10 00:00:00
109,109其他,崩塌,新北市,瑞芳區,光復里,臺鐵瑞芳-猴硐 12K+233 處,https://246.swcb.gov.tw/AllFiles/PDF/03.109年其他-新北瑞芳-001(最速報).pdf,20201204,2020-12-31 00:00:00
109,109其他,崩塌,臺中市,和平區,梨山里,台八線臨 37 便道 22.5k,https://246.swcb.gov.tw/AllFiles/PDF/01.109年其他-臺中和平-001(速報).pdf,20200612,2020-07-24 00:00:00
109,0522豪雨,崩塌,南投縣,仁愛鄉,發祥村,投 89 線 31K 處附近,https://246.swcb.gov.tw/AllFiles/PDF/01.109年0522豪雨-南投仁愛-001(最速報).pdf,20200522,2020-12-03 00:00:00
108,108其他,崩塌,臺中市,豐原區,東陽里,中 88 線((東陽路),https://246.swcb.gov.tw/AllFiles/PDF/20.108年其他-臺中豐原-001(最速報).pdf,20190821,2019-12-04 00:00:00
108,108其他,崩塌,苗栗縣,泰安鄉,象鼻村,中象道路 10K 處,https://246.swcb.gov.tw/AllFiles/PDF/22.108年其他-苗栗泰安-002(最速報).pdf,20190820,2019-12-04 00:00:00
108,0815豪雨,崩塌,南投縣,仁愛鄉,萬豐村,投 83 線 20.2K,https://246.swcb.gov.tw/AllFiles/PDF/15.108年0815豪雨-南投仁愛-001(最速報).pdf,20190817,2019-12-04 00:00:00
108,0815豪雨,"沖蝕,崩塌",屏東縣,霧臺鄉,霧臺村,臺 24 縣 42K+600,https://246.swcb.gov.tw/AllFiles/PDF/14.108年0815豪雨-屏東霧台-001(最速報).pdf,20190816,2019-12-04 00:00:00
108,0815豪雨,"土石流,崩塌",南投縣,名間鄉,仁和村,仁和村北玄宮,https://246.swcb.gov.tw/AllFiles/PDF/12.108年0815豪雨-南投名間-001(最速報).pdf,20190816,2019-12-04 00:00:00
108,0815豪雨,土石流,嘉義縣,中埔鄉,中崙村,中崙四號橋,https://246.swcb.gov.tw/AllFiles/PDF/18.108年0815豪雨-嘉義中埔-001(最速報).pdf,20190816,2019-12-04 00:00:00
108,0815豪雨,崩塌,南投縣,國姓鄉,長豐村,三隻寮產業道路,https://246.swcb.gov.tw/AllFiles/PDF/19.108年0815豪雨-南投國姓-001(最速報).pdf,20190816,2019-12-04 00:00:00
108,0815豪雨,崩塌,高雄市,六龜區,寶來里,竹林農路,https://246.swcb.gov.tw/AllFiles/PDF/21.108年0815豪雨-高雄六龜-003.pdf,20190815,2019-12-04 00:00:00
108,0815豪雨,崩塌,臺南市,六甲區,大丘里,市道 174 線 48.5K,https://246.swcb.gov.tw/AllFiles/PDF/16.108年0815豪雨-臺南六甲-001(最速報).pdf,20190815,2019-12-04 00:00:00
108,利奇馬颱風,土石流,嘉義縣,中埔鄉,中崙村,中崙四號橋,https://246.swcb.gov.tw/AllFiles/PDF/09.108年利奇馬颱風-嘉義中埔-001(最速報).pdf,20190813,2019-12-04 00:00:00
108,利奇馬颱風,"沖蝕,崩塌",高雄市,那瑪夏區,南沙魯里,台 29 線臨 11 便道 3.2k,https://246.swcb.gov.tw/AllFiles/PDF/10.108年利奇馬颱風-高雄那瑪夏-001(最速報).pdf,20190811,2019-12-04 00:00:00
108,利奇馬颱風,"沖蝕,洪水,崩塌",雲林縣,古坑鄉,草嶺村,149 乙線 6K 處,https://246.swcb.gov.tw/AllFiles/PDF/11.108年利奇馬颱風-雲林古坑-001(最速報).pdf,20190811,2019-12-04 00:00:00
108,利奇馬颱風,"沖蝕,崩塌",臺中市,東勢區,泰昌里,小山嵙登山步道口,https://246.swcb.gov.tw/AllFiles/PDF/08.108年利奇馬颱風-臺中東勢-001(最速報).pdf,20190809,2019-12-04 00:00:00
108,108其他,崩塌,桃園市,復興區,高義里,北橫公路(台 7 線 32.5K),https://246.swcb.gov.tw/AllFiles/PDF/07.108年其它-桃園復興-001(最速報).pdf,20190728,2019-12-04 00:00:00
108,108其他,崩塌,高雄市,茂林區,茂林里,茂林區情人谷霧瓦納溪,https://246.swcb.gov.tw/AllFiles/PDF/05.108年其他-高雄茂林-001(最速報).pdf,20190627,2019-12-04 00:00:00
108,108其他,崩塌,苗栗縣,泰安鄉,象鼻村,大安部落,https://246.swcb.gov.tw/AllFiles/PDF/06.108年其他-苗栗泰安-001.pdf,20190625,2019-12-04 00:00:00
108,0611豪雨,"沖蝕,崩塌",臺中市,太平區,黃竹里,草湖溪糖廓橋,https://246.swcb.gov.tw/AllFiles/PDF/02.108年0611豪雨-臺中太平-001.pdf,20190611,2019-12-04 00:00:00
108,0611豪雨,"沖蝕,崩塌",南投縣,國姓鄉,大旗村,福旗巷 18 號,https://246.swcb.gov.tw/AllFiles/PDF/04.108年0611豪雨-南投國姓-002.pdf,20190611,2019-12-04 00:00:00
108,0611豪雨,崩塌,南投縣,國姓鄉,長豐村,水流東溪,https://246.swcb.gov.tw/AllFiles/PDF/03.108年0611豪雨-南投國姓-001.pdf,20190611,2019-12-04 00:00:00
108,0520豪雨,土石流,臺中市,和平區,梨山里,台八線臨 37 便道 11.8k,https://246.swcb.gov.tw/AllFiles/PDF/01.108年0520豪雨-臺中和平-001.pdf,20190519,2019-12-04 00:00:00
107,0823熱帶低壓,土石流,屏東縣,獅子鄉,竹坑村,台 26 線屏鵝公路 386 號橋,https://246.swcb.gov.tw/AllFiles/PDF/03.107年0823熱帶低壓-屏東獅子-002(摘).pdf,20180824,2018-08-29 00:00:00
107,0823熱帶低壓,土石流,屏東縣,獅子鄉,竹坑村,台 26 線屏鵝公路 385 號橋,https://246.swcb.gov.tw/AllFiles/PDF/02.107年0823熱帶低壓-屏東獅子-001(摘).pdf,20180824,2018-08-29 00:00:00
107,0823熱帶低壓,崩塌,臺南市,左鎮區,澄山里,南 171-1 線 2.3K,https://246.swcb.gov.tw/AllFiles/PDF/04.107年0823熱帶低壓-臺南左鎮-001(摘).pdf,20180823,2018-09-05 00:00:00
107,0823熱帶低壓,崩塌,高雄市,桃源區,寶山里,藤枝林道 18.3K,https://246.swcb.gov.tw/AllFiles/PDF/05.107年0823熱帶低壓-高雄桃源-001(摘).pdf,20180823,2018-09-10 00:00:00
107,其他,崩塌,苗栗縣,南庄鄉,東河村,301 農路,https://246.swcb.gov.tw/AllFiles/PDF/01.107年其他-苗栗南庄-001(摘).pdf,20180308,2018-05-10 00:00:00
106,1011豪雨,"沖蝕,洪水,崩塌",臺東縣,東河鄉,泰源村,東河鄉泰源村,https://246.swcb.gov.tw/AllFiles/PDF/24.106年1011豪雨-臺東東河-001(摘).pdf,20171015,2017-12-06 00:00:00
106,1011豪雨,"洪水,崩塌",臺東縣,池上鄉,富興村,池上鄉富興村山棕寮一帶,https://246.swcb.gov.tw/AllFiles/PDF/25.106年1011豪雨-臺東池上-001(摘).pdf,20171015,2017-12-06 00:00:00
106,1011豪雨,土石流,臺東縣,卑南鄉,溫泉村,溫泉村鎮樂122號民宅,https://246.swcb.gov.tw/AllFiles/PDF/19.106年1011豪雨-臺東卑南-002(摘).pdf,20171014,2017-12-06 00:00:00
106,1011豪雨,"洪水,崩塌",臺東縣,卑南鄉,溫泉村,溫泉村知本富野飯店,https://246.swcb.gov.tw/AllFiles/PDF/18.106年1011豪雨-臺東卑南-001(摘).pdf,20171014,2017-12-06 00:00:00
106,1011豪雨,崩塌,新北市,汐止區,東勢里,東勢街 201 巷 ,https://246.swcb.gov.tw/AllFiles/PDF/20.106年1011豪雨-新北汐止-001(摘).pdf,20171014,2017-12-06 00:00:00
106,1011豪雨,崩塌,新北市,汐止區,白雲里,水源路二段 110 巷 ,https://246.swcb.gov.tw/AllFiles/PDF/21.106年1011豪雨-新北汐止-002(摘).pdf,20171013,2017-12-06 00:00:00
106,1011豪雨,洪水,宜蘭縣,大同鄉,茂安村,德荃橋(台 7 甲線 11.4K),https://246.swcb.gov.tw/AllFiles/PDF/17.106年1011豪雨-宜蘭大同-001(摘).pdf,20171013,2017-12-06 00:00:00
106,尼莎暨海棠颱風,土石流,屏東縣,枋山鄉,善餘村,台26線屏鵝公路380號橋,https://246.swcb.gov.tw/AllFiles/PDF/16.106年尼莎暨海棠颱風-屏東枋山-001(摘).pdf,20170730,2017-12-06 00:00:00
106,尼莎暨海棠颱風,崩塌,南投縣,信義鄉,同富村,台 21 線 115K+540,https://246.swcb.gov.tw/AllFiles/PDF/14.106年尼莎暨海棠颱風-南投信義-001(摘).pdf,20170730,2017-12-06 00:00:00
106,尼莎暨海棠颱風,洪水,宜蘭縣,大同鄉,茂安村,德荃橋(台 7 甲線 11.5k) ,https://246.swcb.gov.tw/AllFiles/PDF/15.106年尼莎暨海棠颱風-宜蘭大同-001(摘).pdf,20170729,2017-12-06 00:00:00
106,0613豪雨,"沖蝕,崩塌",苗栗縣,泰安鄉,中興村,司馬限部落,https://246.swcb.gov.tw/AllFiles/PDF/13.106年0613豪雨-苗栗泰安-001(摘).pdf,20170615,2017-12-06 00:00:00
106,0613豪雨,崩塌,南投縣,國姓鄉,石門村,武玄宮 ,https://246.swcb.gov.tw/AllFiles/PDF/11.106年0613豪雨-南投國姓-001(摘).pdf,20170615,2017-12-06 00:00:00
106,0601豪雨,崩塌,南投縣,信義鄉,明德村,台 21 線 87K~88K,https://246.swcb.gov.tw/AllFiles/PDF/03.106年0601豪雨-南投信義-001(摘)v2.pdf,20170604,2017-12-06 00:00:00
106,0601豪雨,崩塌,南投縣,鹿谷鄉,竹林村,小半天瀑布 ,https://246.swcb.gov.tw/AllFiles/PDF/12.106年0601豪雨-南投鹿谷-001(摘).pdf,20170603,2017-12-06 00:00:00
106,0601豪雨,"土石流,崩塌",雲林縣,古坑鄉,桂林村,苦苓腳村 6 鄰,https://246.swcb.gov.tw/AllFiles/PDF/09.106年0601豪雨-雲林古坑-001(摘).pdf,20170603,2017-12-06 00:00:00
106,0601豪雨,洪水,南投縣,信義鄉,神木村,隆華橋,https://246.swcb.gov.tw/AllFiles/PDF/04.106年0601豪雨-南投信義-002(摘).pdf,20170603,2017-12-06 00:00:00
106,0601豪雨,崩塌,南投縣,水里鄉,新山村,人倫林道,https://246.swcb.gov.tw/AllFiles/PDF/02.106年0601豪雨-南投水里-001(摘).pdf,20170603,2017-12-06 00:00:00
106,0601豪雨,"土石流,崩塌",南投縣,埔里鎮,蜈蚣里,"台 14 線 61K+800 
(埔霧公路) ",https://246.swcb.gov.tw/AllFiles/PDF/05.106年0601豪雨-南投埔里-001(摘).pdf,20170603,2017-12-06 00:00:00
106,0601豪雨,"沖蝕,崩塌",南投縣,仁愛鄉,春陽村,台 14 線 87K ,https://246.swcb.gov.tw/AllFiles/PDF/06.106年0601豪雨-南投仁愛-001(摘).pdf,20170603,2017-12-06 00:00:00
106,0601豪雨,崩塌,南投縣,仁愛鄉,榮興村,台 8 線 97.7K ,https://246.swcb.gov.tw/AllFiles/PDF/08.106年0601豪雨-南投仁愛-002(摘).pdf,20170602,2017-12-06 00:00:00
106,0601豪雨,"土石流,崩塌",新北市,金山區,永興里,濆水路,https://246.swcb.gov.tw/AllFiles/PDF/01.106年0601豪雨-新北金山-001(摘).pdf,20170602,2017-12-06 00:00:00
105,其他,沖蝕,基隆市,仁愛區,龍門里,龍安街 332 巷 30 號,https://246.swcb.gov.tw/AllFiles/PDF/105年其他-基隆仁愛-001.pdf,20161010,2016-12-08 00:00:00
105,其他,沖蝕,新北市,汐止區,白雲里,水源路二段 72 巷 71 弄,https://246.swcb.gov.tw/AllFiles/PDF/105年其他-新北汐止-001.pdf,20161009,2016-12-08 00:00:00
105,其他,沖蝕,新竹縣,尖石鄉,秀巒村,秀巒國小對岸邊坡,https://246.swcb.gov.tw/AllFiles/PDF/105年其他-新竹尖石-001.pdf,20161001,2016-12-08 00:00:00
105,梅姬颱風,崩塌,桃園市,復興區,高義里,內奎輝 9 鄰 8 號民宅,https://246.swcb.gov.tw/AllFiles/PDF/105年梅姬颱風-桃園復興-001(摘)-.pdf,20160928,2016-12-08 00:00:00
105,梅姬颱風,"沖蝕,崩塌",高雄市,燕巢區,東燕里,中民路 61 巷 3-22 號,https://246.swcb.gov.tw/AllFiles/PDF/105年梅姬颱風-高雄燕巢-001(摘).pdf,20160928,2016-12-08 00:00:00
105,梅姬颱風,沖蝕,嘉義縣,竹崎鄉,金獅村,金獅村 9 鄰旁古厝,https://246.swcb.gov.tw/AllFiles/PDF/105年梅姬颱風-嘉義竹崎-001(摘).pdf,20160928,2016-12-08 00:00:00
105,梅姬颱風,崩塌,高雄市,旗山區,新光里,後厝巷 27 號,https://246.swcb.gov.tw/AllFiles/PDF/105年梅姬颱風-高雄旗山-001(摘).pdf,20160928,2016-12-08 00:00:00
105,梅姬颱風,土石流,嘉義縣,竹崎鄉,緞繻村,緞繻村紅南坑 8 號,https://246.swcb.gov.tw/AllFiles/PDF/105年梅姬颱風-嘉義竹崎-002.pdf,20160927,2016-12-08 00:00:00
105,梅姬颱風,洪水,高雄市,六龜區,荖濃里,頂濃路 31 號,https://246.swcb.gov.tw/AllFiles/PDF/105年梅姬颱風-高雄六龜-001(摘).pdf,20160927,2016-12-08 00:00:00
105,梅姬颱風,土石流,新北市,新店區,雙坑里,中生路 175 號,https://246.swcb.gov.tw/AllFiles/PDF/105年梅姬颱風-新北新店-001.pdf,20160927,2016-12-08 00:00:00
105,莫蘭蒂颱風,沖蝕,臺東縣,大武鄉,大竹村,愛國蒲部落,https://246.swcb.gov.tw/AllFiles/PDF/105年莫蘭蒂颱風-台東大武-001.pdf,20160915,2016-12-08 00:00:00
105,莫蘭蒂颱風,沖蝕,臺東縣,延平鄉,紅葉村,紅葉村,https://246.swcb.gov.tw/AllFiles/PDF/105年莫蘭蒂颱風-台東延平-001.pdf,20160915,2016-12-08 00:00:00
105,其他,"沖蝕,地滑",嘉義縣,中埔鄉,沄水村,沄水村大興 10 號,https://246.swcb.gov.tw/AllFiles/PDF/105年其他-嘉義中埔-002.pdf,20160908,2016-12-08 00:00:00
105,其他,土石流,臺南市,楠西區,照興里,南市 DF-032,https://246.swcb.gov.tw/AllFiles/PDF/105年其他-台南楠西-001.pdf,20160906,2016-12-08 00:00:00
105,其他,沖蝕,嘉義縣,中埔鄉,頂埔村,頂埔村頂埔 5 號,https://246.swcb.gov.tw/AllFiles/PDF/105年其他-嘉義中埔-001.pdf,20160905,2016-12-08 00:00:00
105,其他,沖蝕,桃園市,復興區,霞雲里,霞雲溪,https://246.swcb.gov.tw/AllFiles/PDF/105年其他-桃園復興-001.pdf,20160819,2016-12-08 00:00:00
105,尼伯特颱風,崩塌,臺東縣,東河鄉,尚德村,泰源南溪,https://246.swcb.gov.tw/AllFiles/PDF/105年尼伯特颱風-台東東河-001(摘).pdf,20160709,2016-12-08 00:00:00
105,0611豪雨,土石流,屏東縣,霧臺鄉,霧臺村,霧大二號橋,https://246.swcb.gov.tw/AllFiles/PDF/105年0611豪雨-屏東霧台-001(摘).pdf,20160611,2016-12-08 00:00:00
105,其他,"沖蝕,地滑",新竹縣,寶山鄉,寶山村,水仙路 5 巷 0K+400 處,https://246.swcb.gov.tw/AllFiles/PDF/105年其他-新竹寶山-001(摘).pdf,20160316,2016-12-08 00:00:00
104,杜鵑颱風,"沖蝕,崩塌",新北市,坪林區,粗窟里,台9線34k,https://246.swcb.gov.tw/AllFiles/PDF/104年杜鵑颱風-新北坪林-001-(最).pdf,20150928,2016-01-04 00:00:00
104,杜鵑颱風,土石流,新北市,坪林區,大林里,9線39k,https://246.swcb.gov.tw/AllFiles/PDF/104年杜鵑颱風-新北坪林-002-(最).pdf,20150928,2016-01-04 00:00:00
104,杜鵑颱風,"沖蝕,崩塌",新北市,烏來區,烏來里,那魯灣飯店,https://246.swcb.gov.tw/AllFiles/PDF/104年杜鵑颱風-新北烏來-001-(最).pdf,20150928,2016-01-04 00:00:00
104,蘇迪勒颱風,土石流,桃園市,復興區,奎輝里,嘎色鬧四橋,https://246.swcb.gov.tw/AllFiles/PDF/104年蘇迪勒颱風-桃園復興-001-(最).pdf,20150902,2016-01-04 00:00:00
104,蘇迪勒颱風,沖蝕,新北市,烏來區,忠治里,忠治里金堰80-1號,https://246.swcb.gov.tw/AllFiles/PDF/104年蘇迪勒颱風-新北烏來-008-(最).pdf,20150808,2016-01-04 00:00:00
104,蘇迪勒颱風,土石流,宜蘭縣,大同鄉,四季村,敦厚橋,https://246.swcb.gov.tw/AllFiles/PDF/104年蘇迪勒颱風-宜蘭大同-001-(最).pdf,20150808,2016-01-04 00:00:00
104,蘇迪勒颱風,土石流,新北市,新店區,廣興里,平廣路一段 273 號,https://246.swcb.gov.tw/AllFiles/PDF/104年蘇迪勒颱風-新北新店-013.pdf,20150808,2016-03-16 00:00:00
104,蘇迪勒颱風,沖蝕,新北市,新店區,廣興里,平廣路一段22號 (長青休閒園區民宅),https://246.swcb.gov.tw/AllFiles/PDF/104年蘇迪勒颱風-新北新店-006-(最).pdf,20150808,2016-01-04 00:00:00
104,蘇迪勒颱風,土石流,新北市,新店區,屈尺里,新烏路二段193號,https://246.swcb.gov.tw/AllFiles/PDF/104年蘇迪勒颱風-新北新店-005-(最).pdf,20150808,2016-01-04 00:00:00
104,蘇迪勒颱風,"沖蝕,洪水",新北市,三峽區,竹崙里,竹崙路162號,https://246.swcb.gov.tw/AllFiles/PDF/104年蘇迪勒颱風-新北三峽-001-(最).pdf,20150808,2016-01-04 00:00:00
104,蘇迪勒颱風,土石流,桃園市,復興區,羅浮里,合流部落(台7線21k),https://246.swcb.gov.tw/AllFiles/PDF/104年蘇迪勒颱風-桃園復興-002-(最).pdf,20150808,2016-01-04 00:00:00
104,蘇迪勒颱風,土石流,新北市,新店區,廣興里,平廣路一段365號民宅,https://246.swcb.gov.tw/AllFiles/PDF/104年蘇迪勒颱風-新北新店-004-(最).pdf,20150808,2016-03-16 00:00:00
104,蘇迪勒颱風,土石流,新北市,新店區,廣興里,小坑溪,https://246.swcb.gov.tw/AllFiles/PDF/104年蘇迪勒颱風-新北新店-008-(最).pdf,20150808,2016-01-04 00:00:00
104,蘇迪勒颱風,土石流,新北市,新店區,廣興里,平廣路一段151號民宅旁野溪,https://246.swcb.gov.tw/AllFiles/PDF/104年蘇迪勒颱風-新北新店-007-(最).pdf,20150808,2016-01-04 00:00:00
104,蘇迪勒颱風,"沖蝕,洪水",新北市,新店區,廣興里,平廣溪左岸邊坡,https://246.swcb.gov.tw/AllFiles/PDF/104年蘇迪勒颱風-新北新店-003-(最).pdf,20150808,2016-01-04 00:00:00
104,蘇迪勒颱風,沖蝕,新北市,新店區,廣興里,土石流潛勢溪流新北DF091,https://246.swcb.gov.tw/AllFiles/PDF/104年蘇迪勒颱風-新北新店-002-(最).pdf,20150808,2016-01-04 00:00:00
104,蘇迪勒颱風,"沖蝕,洪水",新北市,新店區,廣興里,平廣路一段7號民宅,https://246.swcb.gov.tw/AllFiles/PDF/104年蘇迪勒颱風-新北新店-001-(最).pdf,20150808,2016-01-04 00:00:00
104,蘇迪勒颱風,土石流,新北市,烏來區,信賢里,北107線6.3k(烏砂溪),https://246.swcb.gov.tw/AllFiles/PDF/104年蘇迪勒颱風-新北烏來-009-(最).pdf,20150808,2016-01-04 00:00:00
104,蘇迪勒颱風,土石流,新北市,三峽區,安坑里,建安路130號,https://246.swcb.gov.tw/AllFiles/PDF/104年蘇迪勒颱風-新北三峽-004-(最).pdf,20150808,2016-01-04 00:00:00
104,蘇迪勒颱風,土石流,新北市,三峽區,有木里,滿月圓第一停車場,https://246.swcb.gov.tw/AllFiles/PDF/104年蘇迪勒颱風-新北三峽-003-(最).pdf,20150808,2016-01-04 00:00:00
104,蘇迪勒颱風,沖蝕,新北市,三峽區,金圳里,金圳里金敏54-2號,https://246.swcb.gov.tw/AllFiles/PDF/104年蘇迪勒颱風-新北三峽-002-(最).pdf,20150808,2016-01-04 00:00:00
104,蘇迪勒颱風,沖蝕,新北市,烏來區,烏來里,瀑布公園,https://246.swcb.gov.tw/AllFiles/PDF/104年蘇迪勒颱風-新北烏來-003-(最).pdf,20150808,2016-01-04 00:00:00
104,蘇迪勒颱風,沖蝕,新北市,烏來區,烏來里,烏來國中小,https://246.swcb.gov.tw/AllFiles/PDF/104年蘇迪勒颱風-新北烏來-002-(最).pdf,20150808,2016-01-04 00:00:00
104,蘇迪勒颱風,土石流,新北市,烏來區,忠治里,忠治里金堰113-2號,https://246.swcb.gov.tw/AllFiles/PDF/104年蘇迪勒颱風-新北烏來-007-(最).pdf,20150808,2016-01-04 00:00:00
104,蘇迪勒颱風,"沖蝕,洪水",新北市,烏來區,烏來里,箱根苑溫泉會館,https://246.swcb.gov.tw/AllFiles/PDF/104年蘇迪勒颱風-新北烏來-006-(最).pdf,20150808,2016-01-04 00:00:00
104,蘇迪勒颱風,土石流,新北市,烏來區,信賢里,信福路6巷1號,https://246.swcb.gov.tw/AllFiles/PDF/104年蘇迪勒颱風-新北烏來-005-(最).pdf,20150808,2016-01-04 00:00:00
104,蘇迪勒颱風,洪水,宜蘭縣,大同鄉,茂安村,志航橋(台7甲線12.5k),https://246.swcb.gov.tw/AllFiles/PDF/104年蘇迪勒颱風-宜蘭大同-002-(最).pdf,20150808,2016-01-04 00:00:00
104,蘇迪勒颱風,"沖蝕,崩塌",新北市,新店區,廣興里,平廣路一段30號旁,https://246.swcb.gov.tw/AllFiles/PDF/104年蘇迪勒颱風-新北新店-010-(最).pdf,20150808,2016-01-04 00:00:00
104,蘇迪勒颱風,洪水,新北市,新店區,廣興里,平廣路一段330號,https://246.swcb.gov.tw/AllFiles/PDF/104年蘇迪勒颱風-新北新店-012-(最).pdf,20150808,2016-01-04 00:00:00
104,蘇迪勒颱風,"沖蝕,崩塌",新北市,新店區,雙坑里,雙坑里雙峰路115號,https://246.swcb.gov.tw/AllFiles/PDF/104年蘇迪勒颱風-新北新店-011-(最).pdf,20150808,2016-01-04 00:00:00
104,蘇迪勒颱風,"土石流,洪水",新北市,新店區,廣興里,廣興路138巷21號,https://246.swcb.gov.tw/AllFiles/PDF/104年蘇迪勒颱風-新北新店-009-(最).pdf,20150808,2016-01-04 00:00:00
104,蘇迪勒颱風,沖蝕,新北市,烏來區,信賢里,信福路150號附近路段,https://246.swcb.gov.tw/AllFiles/PDF/104年蘇迪勒颱風-新北烏來-004-(最).pdf,20150808,2016-01-04 00:00:00
104,蘇迪勒颱風,土石流,新北市,烏來區,忠治里,日月光溫泉會館,https://246.swcb.gov.tw/AllFiles/PDF/104年蘇迪勒颱風-新北烏來-001-(最).pdf,20150808,2016-01-04 00:00:00
104,蘇迪勒颱風,沖蝕,臺北市,文山區,興旺里,福興路116號,https://246.swcb.gov.tw/AllFiles/PDF/104年蘇迪勒颱風-台北文山-001-(最).pdf,20150808,2016-01-04 00:00:00
104,其他,沖蝕,南投縣,仁愛鄉,精英村,投85線7k路段,https://246.swcb.gov.tw/AllFiles/PDF/104年其他-南投仁愛-001-(最).pdf,20150801,2016-01-04 00:00:00
103,鳳凰颱風,土石流,臺東縣,卑南鄉,溫泉村,玉霖橋,https://246.swcb.gov.tw/AllFiles/PDF/103年鳳凰颱風-台東卑南-001_最速報.pdf,20140921,2015-01-12 00:00:00
103,麥德姆颱風,土石流,宜蘭縣,南澳鄉,金洋村,宜57線0.8K,https://246.swcb.gov.tw/AllFiles/PDF/103年麥德姆颱風-宜蘭南澳-001_最速報.pdf,20140723,2015-01-12 00:00:00
103,麥德姆颱風,沖蝕,高雄市,杉林區,月眉里,桐竹路25號民宅,https://246.swcb.gov.tw/AllFiles/PDF/103年麥德姆颱風-高雄杉林-001_最速報.pdf,20140723,2015-01-12 00:00:00
103,麥德姆颱風,土石流,花蓮縣,萬榮鄉,馬遠村,台九線、瑞北,https://246.swcb.gov.tw/AllFiles/PDF/103年麥德姆颱風-花蓮萬榮-001_最速報.pdf,20140723,2015-01-12 00:00:00
103,哈吉貝颱風,土石流,臺東縣,大武鄉,大竹村,愛國蒲部落後方崩塌地,https://246.swcb.gov.tw/AllFiles/PDF/103年哈吉貝颱風-臺東大武-001_最速報.pdf,20140615,2015-01-12 00:00:00
102,菲特颱風,沖蝕,桃園市,復興區,華陵里,省道台7線49.5K,https://246.swcb.gov.tw/AllFiles/PDF/102年菲特颱風-桃園復興-001_最_.pdf,20131006,2014-01-09 00:00:00
102,菲特颱風,沖蝕,新竹縣,尖石鄉,錦屏村,錦屏玉峰聯絡道路(竹60線12K及12.5K),https://246.swcb.gov.tw/AllFiles/PDF/102年菲特颱風-新竹尖石-001_最_.pdf,20131006,2014-01-09 00:00:00
102,天兔颱風,沖蝕,臺東縣,太麻里鄉,美和村,富野飯店(龍泉路18號),https://246.swcb.gov.tw/AllFiles/PDF/102年天兔颱風-台東太麻里-001_最_.pdf,20130921,2014-01-09 00:00:00
102,康芮颱風,沖蝕,新北市,烏來區,信賢里,信福路10.5K處,https://246.swcb.gov.tw/AllFiles/PDF/102年康芮颱風-新北烏來-001_最_.pdf,20130901,2014-01-09 00:00:00
102,康芮颱風,沖蝕,新北市,五股區,觀音里,凌雲路三段,https://246.swcb.gov.tw/AllFiles/PDF/102年康芮颱風-新北五股-001_最_.pdf,20130901,2014-01-09 00:00:00
102,康芮颱風,沖蝕,基隆市,中正區,碧砂里,碧砂漁港停車場入口(台2線北寧路),https://246.swcb.gov.tw/AllFiles/PDF/102年康芮颱風-基隆中正-001_最_.pdf,20130831,2014-01-09 00:00:00
102,康芮颱風,沖蝕,基隆市,中正區,碧砂里,北寧路364-3～6號民宅,https://246.swcb.gov.tw/AllFiles/PDF/102年康芮颱風-基隆中正-003_最_.pdf,20130831,2014-01-09 00:00:00
102,康芮颱風,沖蝕,基隆市,中正區,碧砂里,台2線68K,https://246.swcb.gov.tw/AllFiles/PDF/102年康芮颱風-基隆中正-002_最_.pdf,20130831,2014-01-09 00:00:00
102,菲特颱風,,彰化縣,彰化市,大竹里,安溪東路51巷(「江南花園城」1號~27-1號民宅),https://246.swcb.gov.tw/AllFiles/PDF/102年菲特颱風-彰化彰市-001_最_.pdf,20130831,2014-01-09 00:00:00
102,康芮颱風,沖蝕,屏東縣,獅子鄉,內獅村,南迴鐵路枋山2號隧道,https://246.swcb.gov.tw/AllFiles/PDF/102年康芮颱風-屏東獅子-001_最_.pdf,20130831,2014-01-09 00:00:00
102,康芮颱風,沖蝕,臺南市,新化區,大坑里,大坑尾漢龍宮(大坑里3鄰大坑尾102之1號),https://246.swcb.gov.tw/AllFiles/PDF/102年康芮颱風-台南新化-001_最_.pdf,20130829,2014-01-09 00:00:00
102,康芮颱風,沖蝕,臺中市,霧峰區,坑口里,彩虹農路(復興路二段，松群護理之家東北方700公尺),https://246.swcb.gov.tw/AllFiles/PDF/102年康芮颱風-台中霧峰-002_最_.pdf,20130829,2014-01-09 00:00:00
102,康芮颱風,沖蝕,臺中市,霧峰區,坑口里,阿科土雞城(新生路134號),https://246.swcb.gov.tw/AllFiles/PDF/102年康芮颱風-台中霧峰-001_最_.pdf,20130829,2014-01-09 00:00:00
102,康芮颱風,"土石流,洪水",屏東縣,獅子鄉,南世村,南世內獅聯絡道路,https://246.swcb.gov.tw/AllFiles/PDF/102年康芮颱風-屏東獅子-002_最_.pdf,20130829,2014-01-09 00:00:00
102,康芮颱風,"沖蝕,洪水",雲林縣,古坑鄉,崁腳村,台3線264K+500,https://246.swcb.gov.tw/AllFiles/PDF/102年康芮颱風-雲林古坑-001_最_.pdf,20130829,2014-01-09 00:00:00
102,康芮颱風,沖蝕,嘉義縣,中埔鄉,東興村,復東橋南面坡地,https://246.swcb.gov.tw/AllFiles/PDF/102年康芮颱風-嘉義中埔-001_最_.pdf,20130829,2014-01-09 00:00:00
102,康芮颱風,沖蝕,嘉義縣,竹崎鄉,獅埜村,獅埜村13鄰27號,https://246.swcb.gov.tw/AllFiles/PDF/102年康芮颱風-嘉義竹崎-001_最_.pdf,20130829,2014-01-09 00:00:00
102,其他,沖蝕,嘉義縣,竹崎鄉,桃源村,嘉128線(仁宇橋),https://246.swcb.gov.tw/AllFiles/PDF/102年其他-嘉義竹崎-001_最_.pdf,20130804,2014-01-09 00:00:00
102,蘇力颱風,沖蝕,苗栗縣,大湖鄉,武榮村,武榮村8鄰(坪林道路),https://246.swcb.gov.tw/AllFiles/PDF/102年蘇力颱風-苗栗大湖-001_最_.pdf,20130714,2014-01-09 00:00:00
102,蘇力颱風,洪水,高雄市,六龜區,荖濃里,清龍宮(台20縣74.5K),https://246.swcb.gov.tw/AllFiles/PDF/102年蘇力颱風-高雄六龜-001_最_.pdf,20130713,2014-01-09 00:00:00
102,蘇力颱風,土石流,南投縣,魚池鄉,日月村,中正路367巷69-2號民宅,https://246.swcb.gov.tw/AllFiles/PDF/102年蘇力颱風-南投魚池-001_最_.pdf,20130713,2014-01-09 00:00:00
102,蘇力颱風,土石流,臺中市,和平區,天輪里,白冷國小,https://246.swcb.gov.tw/AllFiles/PDF/102年蘇力颱風-台中和平-001_最_.pdf,20130713,2014-01-09 00:00:00
102,其他,土石流,嘉義縣,阿里山鄉,豐山村,中心嶺部落(行鼓吊橋),https://246.swcb.gov.tw/AllFiles/PDF/102年其他-嘉義阿里山-001_最_.pdf,20130706,2014-01-09 00:00:00
102,0602地震,沖蝕,南投縣,鹿谷鄉,鳳凰村,投56線9K~9.5K,https://246.swcb.gov.tw/AllFiles/PDF/102年0602地震-南投鹿谷-001_最_.pdf,20130602,2014-01-09 00:00:00
102,0602地震,沖蝕,南投縣,信義鄉,望美村,筆石橋 (新中橫公路95.5K處筆石段),https://246.swcb.gov.tw/AllFiles/PDF/102年0602地震-南投信義001_最_.pdf,20130602,2014-01-09 00:00:00
102,0517豪雨,沖蝕,南投縣,信義鄉,明德村,中平巷4號民宅,https://246.swcb.gov.tw/AllFiles/PDF/102年0517豪雨-南投信義-001_最_.pdf,20130520,2014-01-09 00:00:00
101,天秤颱風,"土石流,洪水",屏東縣,滿州鄉,港口村,久光橋,https://246.swcb.gov.tw/AllFiles/PDF/101年天秤颱風-屏東滿州-001_最_.pdf,20120824,2012-12-10 00:00:00
101,蘇拉颱風,沖蝕,苗栗縣,南庄鄉,南富村,如苑山莊,https://246.swcb.gov.tw/AllFiles/PDF/101年蘇拉颱風-苗栗南庄-001_最_.pdf,20120803,2012-12-10 00:00:00
101,蘇拉颱風,土石流,花蓮縣,秀林鄉,和平村,和中部落,https://246.swcb.gov.tw/AllFiles/PDF/101年蘇拉颱風-花蓮秀林-003_最_.pdf,20120802,2012-12-10 00:00:00
101,蘇拉颱風,土石流,花蓮縣,秀林鄉,和平村,和中部落,https://246.swcb.gov.tw/AllFiles/PDF/101年蘇拉颱風-花蓮秀林-002_最_.pdf,20120802,2012-12-10 00:00:00
101,蘇拉颱風,土石流,花蓮縣,秀林鄉,和平村,龍崎火藥分銷庫,https://246.swcb.gov.tw/AllFiles/PDF/101年蘇拉颱風-花蓮秀林-001_最_.pdf,20120802,2012-12-10 00:00:00
101,蘇拉颱風,"沖蝕,洪水",宜蘭縣,南澳鄉,碧候村,柑仔橋,https://246.swcb.gov.tw/AllFiles/PDF/101年蘇拉颱風-宜蘭南澳-002_最_.pdf,20120802,2012-12-10 00:00:00
101,蘇拉颱風,土石流,宜蘭縣,南澳鄉,碧候村,碧侯社區活動中心(信義路陽明巷53之2號),https://246.swcb.gov.tw/AllFiles/PDF/101年蘇拉颱風-宜蘭南澳-001_最_.pdf,20120802,2012-12-10 00:00:00
101,蘇拉颱風,洪水,宜蘭縣,大同鄉,南山村,地標：南山村加油站,https://246.swcb.gov.tw/AllFiles/PDF/101年蘇拉颱風-宜蘭大同-003_最_.pdf,20120802,2012-12-10 00:00:00
101,蘇拉颱風,沖蝕,宜蘭縣,大同鄉,南山村,米羅產業道路,https://246.swcb.gov.tw/AllFiles/PDF/101年蘇拉颱風-宜蘭大同-002_最_.pdf,20120802,2012-12-10 00:00:00
101,蘇拉颱風,洪水,宜蘭縣,大同鄉,茂安村,志航橋（省道臺7甲線12.5K）,https://246.swcb.gov.tw/AllFiles/PDF/101年蘇拉颱風-宜蘭大同-001_最_.pdf,20120802,2012-12-10 00:00:00
101,蘇拉颱風,土石流,新北市,三峽區,插角里,插角里188民宅,https://246.swcb.gov.tw/AllFiles/PDF/101年蘇拉颱風-新北三峽-001_最_.pdf,20120802,2012-12-10 00:00:00
101,蘇拉颱風,沖蝕,苗栗縣,大湖鄉,大寮村,台3線134.2K,https://246.swcb.gov.tw/AllFiles/PDF/101年蘇拉颱風-苗栗大湖-001_最_.pdf,20120802,2012-12-10 00:00:00
101,0610豪雨,沖蝕,臺東縣,大武鄉,大鳥村,南迴鐵路(台9線439k+280),https://246.swcb.gov.tw/AllFiles/PDF/101年0610豪雨-台東大武-001_最_.pdf,20120614,2012-07-20 00:00:00
101,0610豪雨,洪水,臺中市,和平區,天輪里,東關路二段115之1號民宅(台8線22k旁),https://246.swcb.gov.tw/AllFiles/PDF/101年0610豪雨-台中和平-001_最_.pdf,20120614,2012-07-20 00:00:00
101,0610豪雨,"土石流,洪水",南投縣,信義鄉,神木村,豐丘橋(台21線88K),https://246.swcb.gov.tw/AllFiles/PDF/101年0610豪雨-南投信義-001_最_.pdf,20120612,2012-07-20 00:00:00
101,0610豪雨,洪水,屏東縣,來義鄉,義林村,大後部落(大後集會所),https://246.swcb.gov.tw/AllFiles/PDF/101年0610豪雨-屏東來義-002_最_.pdf,20120612,2012-07-20 00:00:00
101,0610豪雨,地滑,雲林縣,古坑鄉,樟湖村,樟湖村8鄰車心崙,https://246.swcb.gov.tw/AllFiles/PDF/101年0610豪雨-雲林古坑-001_最_.pdf,20120612,2012-07-20 00:00:00
101,0610豪雨,"土石流,洪水",嘉義縣,阿里山鄉,來吉村,來吉大橋(縣道149甲49K處),https://246.swcb.gov.tw/AllFiles/PDF/101年0610豪雨-嘉義阿里山-001_最_.pdf,20120612,2012-07-20 00:00:00
101,0610豪雨,沖蝕,南投縣,國姓鄉,南港村,豐湖路、港頭巷1號民宅,https://246.swcb.gov.tw/AllFiles/PDF/101年0610豪雨-南投國姓-002_最_.pdf,20120612,2012-07-20 00:00:00
101,0610豪雨,洪水,臺中市,太平區,頭汴里,產業二號橋(中99線鄉道北田路),https://246.swcb.gov.tw/AllFiles/PDF/101年0610豪雨-台中太平-001_最_.pdf,20120612,2012-07-20 00:00:00
101,0610豪雨,沖蝕,臺北市,文山區,老泉里,野山土雞園(老泉街26巷1k+700),https://246.swcb.gov.tw/AllFiles/PDF/101年0610豪雨-台北文山-001_最_.pdf,20120612,2012-07-20 00:00:00
101,0610豪雨,沖蝕,臺北市,信義區,松隆里,瑤玉宮下方坡地(松山路近725號),https://246.swcb.gov.tw/AllFiles/PDF/101年0610豪雨-台北信義-001_最_.pdf,20120612,2012-07-20 00:00:00
101,0610豪雨,沖蝕,臺中市,東勢區,隆興里,石麻巷57號民宅,https://246.swcb.gov.tw/AllFiles/PDF/101年0610豪雨-台中東勢-001_最_.pdf,20120612,2012-07-20 00:00:00
101,0610豪雨,沖蝕,臺北市,大安區,學府里,義芳居後方坡地(基隆路三段155巷),https://246.swcb.gov.tw/AllFiles/PDF/101年0610豪雨-台北大安-001_最_.pdf,20120612,2012-07-20 00:00:00
101,0610豪雨,沖蝕,臺中市,和平區,梨山里,林務局佳陽分站(台8線69.5K),https://246.swcb.gov.tw/AllFiles/PDF/101年0610豪雨-台中和平-002_最_.pdf,20120611,2012-07-20 00:00:00
101,0610豪雨,地滑,南投縣,國姓鄉,大旗村,福旗巷(大旗農路),https://246.swcb.gov.tw/AllFiles/PDF/101年0610豪雨-南投國姓-001_最_.pdf,20120611,2012-07-20 00:00:00
101,0610豪雨,沖蝕,南投縣,仁愛鄉,合作村,平生部落(台電屯原支41號電線桿處),https://246.swcb.gov.tw/AllFiles/PDF/101年0610豪雨-南投仁愛-001_最_.pdf,20120610,2012-07-20 00:00:00
101,0610豪雨,土石流,南投縣,仁愛鄉,萬豐村,圓覺寺,https://246.swcb.gov.tw/AllFiles/PDF/101年0610豪雨-南投仁愛-003_最_.pdf,20120610,2012-07-20 00:00:00
101,0610豪雨,沖蝕,臺中市,新社區,福興里,民俗43號民宅,https://246.swcb.gov.tw/AllFiles/PDF/101年0610豪雨-台中新社-001_最_.pdf,20120610,2012-07-20 00:00:00
101,0610豪雨,洪水,南投縣,仁愛鄉,互助村,中原橋上游約1.2公里(眉原幹110分29電桿處),https://246.swcb.gov.tw/AllFiles/PDF/101年0610豪雨-南投仁愛-002_最_.pdf,20120610,2012-07-20 00:00:00
101,0610豪雨,"土石流,洪水",高雄市,六龜區,新發里,和平巷135號,https://246.swcb.gov.tw/AllFiles/PDF/101年0610豪雨-高雄六龜-002_最_.pdf,20120610,2012-07-20 00:00:00
101,0610豪雨,土石流,高雄市,六龜區,興龍里,清涼山護國妙崇寺,https://246.swcb.gov.tw/AllFiles/PDF/101年0610豪雨-高雄六龜-001_最_.pdf,20120610,2012-07-20 00:00:00
101,0610豪雨,洪水,屏東縣,來義鄉,來義村,東西部落(鄉道屏110線15k、來義東西部落聯絡道路),https://246.swcb.gov.tw/AllFiles/PDF/101年0610豪雨-屏東來義-001_最_.pdf,20120610,2012-07-20 00:00:00
101,0504豪雨,土石流,南投縣,信義鄉,豐丘村,隆華高枝18號電桿(民和巷57-4號、57-7號及57-8號),https://246.swcb.gov.tw/AllFiles/PDF/101年0504豪雨-南投信義-001_最_.pdf,20120503,2012-07-20 00:00:00
100,1001豪雨,沖蝕,宜蘭縣,蘇澳鎮,東澳里,省道台9線115.8K,https://246.swcb.gov.tw/AllFiles/PDF/100年1001豪雨-宜蘭蘇澳-001_最_.pdf,20111009,2012-02-08 00:00:00
100,1001豪雨,沖蝕,宜蘭縣,大同鄉,復興村,清水產業道路,https://246.swcb.gov.tw/AllFiles/PDF/100年1001豪雨-宜蘭大同-006_最_--審查後.pdf,20111003,2012-02-08 00:00:00
100,1001豪雨,"土石流,洪水",宜蘭縣,大同鄉,寒溪村,寒溪部落,https://246.swcb.gov.tw/AllFiles/PDF/100年1001豪雨-宜蘭大同-005_最_.pdf,20111003,2012-02-08 00:00:00
100,1001豪雨,洪水,宜蘭縣,南澳鄉,東岳村,布浪一號橋、布浪二號橋,https://246.swcb.gov.tw/AllFiles/PDF/100年1001豪雨-宜蘭南澳-002_最_.pdf,20111003,2012-02-08 00:00:00
100,1001豪雨,洪水,宜蘭縣,南澳鄉,東岳村,東澳部落(東岳冷泉公園),https://246.swcb.gov.tw/AllFiles/PDF/100年1001豪雨-宜蘭南澳-001_最_.pdf,20111003,2012-07-20 00:00:00
100,1001豪雨,洪水,宜蘭縣,大同鄉,樂水村,瑪崙橋,https://246.swcb.gov.tw/AllFiles/PDF/100年1001豪雨-宜蘭大同-004_最_--審查後.pdf,20111002,2012-02-08 00:00:00
100,1001豪雨,"土石流,沖蝕",花蓮縣,富里鄉,石牌村,枋仔崙產業道路(枋仔崙橋上游900公尺),https://246.swcb.gov.tw/AllFiles/PDF/100年1001豪雨-花蓮富里-001_最_--審查後.pdf,20111002,2012-02-08 00:00:00
100,1001豪雨,"土石流,沖蝕",宜蘭縣,大同鄉,英士村,台7線90.5K,https://246.swcb.gov.tw/AllFiles/PDF/100年1001豪雨-宜蘭大同-001_最_.pdf,20111002,2012-02-08 00:00:00
100,1001豪雨,"土石流,沖蝕",宜蘭縣,大同鄉,英士村,台7線90K,https://246.swcb.gov.tw/AllFiles/PDF/100年1001豪雨-宜蘭大同-002_最_.pdf,20111002,2012-02-08 00:00:00
100,1001豪雨,沖蝕,宜蘭縣,員山鄉,湖西村,省道台9甲線53.8K,https://246.swcb.gov.tw/AllFiles/PDF/100年1001豪雨-宜蘭員山-001_最_.pdf,20111002,2012-02-08 00:00:00
100,1001豪雨,土石流,宜蘭縣,三星鄉,員山村,泰雅一路451巷37號,https://246.swcb.gov.tw/AllFiles/PDF/100年1001豪雨-宜蘭三星-001_最_.pdf,20111002,2012-02-08 00:00:00
100,1001豪雨,土石流,宜蘭縣,大同鄉,復興村,泰雅一路451巷157號,https://246.swcb.gov.tw/AllFiles/PDF/100年1001豪雨-宜蘭大同-007_最_.pdf,20111002,2012-02-08 00:00:00
100,1001豪雨,沖蝕,宜蘭縣,大同鄉,樂水村,宜51鄉道6k及8k,https://246.swcb.gov.tw/AllFiles/PDF/100年1001豪雨-宜蘭大同-003_最_.pdf,20111002,2012-02-08 00:00:00
100,南瑪都颱風,"沖蝕,洪水",屏東縣,恆春鎮,墾丁里,潭子路2號、21號民宅,https://246.swcb.gov.tw/AllFiles/PDF/100年南瑪都颱風-屏東恆春-001(最).pdf,20110830,2012-02-08 00:00:00
100,南瑪都颱風,"沖蝕,洪水",屏東縣,牡丹鄉,牡丹村,屏199線20K、牡丹五號橋,https://246.swcb.gov.tw/AllFiles/PDF/100年南瑪都颱風-屏東牡丹-001_最_-審查後.pdf,20110829,2012-02-08 00:00:00
100,南瑪都颱風,土石流,屏東縣,滿州鄉,滿州村,老佛順天宮,https://246.swcb.gov.tw/AllFiles/PDF/100年南瑪都颱風-屏東滿州-001(最).pdf,20110829,2012-02-08 00:00:00
100,南瑪都颱風,洪水,屏東縣,來義鄉,來義村,來義東西部落(屏110鄉道15k),https://246.swcb.gov.tw/AllFiles/PDF/100年南瑪都颱風-屏東來義-001(最).pdf,20110829,2012-02-08 00:00:00
100,南瑪都颱風,洪水,屏東縣,來義鄉,丹林村,神鷹瀑布(來義派出所),https://246.swcb.gov.tw/AllFiles/PDF/100年南瑪都颱風-屏東來義-002_最_.pdf,20110829,2012-02-08 00:00:00
100,南瑪都颱風,地滑,屏東縣,牡丹鄉,四林村,靈山老祖娘娘廟(屏170鄉道5K處),https://246.swcb.gov.tw/AllFiles/PDF/100年南瑪都颱風-屏東牡丹-003(最).pdf,20110829,2012-02-08 00:00:00
100,南瑪都颱風,"洪水,地滑",屏東縣,牡丹鄉,四林村,牡林國小、四林路85號,https://246.swcb.gov.tw/AllFiles/PDF/100年南瑪都颱風-屏東牡丹-002(最).pdf,20110828,2012-02-08 00:00:00
100,0719豪雨,"沖蝕,洪水",嘉義縣,梅山鄉,太和村,社興橋(社前湖8-6號),https://246.swcb.gov.tw/AllFiles/PDF/100年0719豪雨-嘉義梅山-001_最_--審查後.pdf,20110719,2012-02-08 00:00:00
100,0719豪雨,土石流,南投縣,信義鄉,神木村,神木大橋(愛玉子溪與和社溪匯流處),https://246.swcb.gov.tw/AllFiles/PDF/100年0719豪雨-南投信義-001_最_修正.pdf,20110718,2012-02-08 00:00:00
99,梅姬颱風,洪水,宜蘭縣,大同鄉,樂水村,舊碼崙橋(大同鄉樂水村宜51線約12.5k處),https://246.swcb.gov.tw/AllFiles/PDF/99年梅姬颱風-宜蘭大同-001-(最).pdf,20101021,2010-11-30 00:00:00
99,梅姬颱風,沖蝕,宜蘭縣,冬山鄉,東城村,東城村223-1號(冬山路1段236號對面山坡),https://246.swcb.gov.tw/AllFiles/PDF/99年梅姬颱風-宜蘭冬山-001-(最).pdf,20101021,2010-11-30 00:00:00
99,梅姬颱風,"沖蝕,洪水",宜蘭縣,蘇澳鎮,永樂里,永樂活動中心(永樂路234巷1~3鄰),https://246.swcb.gov.tw/AllFiles/PDF/99年梅姬颱風-宜蘭蘇澳-006-(最).pdf,20101021,2010-11-30 00:00:00
99,梅姬颱風,沖蝕,宜蘭縣,蘇澳鎮,蘇北里,白雲寺旁民宅(台9線台2戊共線道路轉冷泉路約1公里),https://246.swcb.gov.tw/AllFiles/PDF/99年梅姬颱風-宜蘭蘇澳-005-(最).pdf,20101021,2010-11-30 00:00:00
99,梅姬颱風,土石流,宜蘭縣,蘇澳鎮,蘇北里,冷泉路9~12號民宅(台9線台2戊共線道路轉冷泉路約1公里),https://246.swcb.gov.tw/AllFiles/PDF/99年梅姬颱風-宜蘭蘇澳-004-(最).pdf,20101021,2010-11-30 00:00:00
99,梅姬颱風,"沖蝕,洪水",宜蘭縣,蘇澳鎮,永春里,永春里第9鄰(8、9、10號民宅後方),https://246.swcb.gov.tw/AllFiles/PDF/99年梅姬颱風-宜蘭蘇澳-024-(最).pdf,20101021,2010-11-30 00:00:00
99,梅姬颱風,"土石流,沖蝕",宜蘭縣,蘇澳鎮,蘇北里,指南宮(台9線台2戊共線道路轉冷泉路約1公里),https://246.swcb.gov.tw/AllFiles/PDF/99年梅姬颱風-宜蘭蘇澳-014-(最).pdf,20101021,2010-11-30 00:00:00
99,梅姬颱風,沖蝕,宜蘭縣,蘇澳鎮,南正里,進安宮(台2戊線13k處),https://246.swcb.gov.tw/AllFiles/PDF/99年梅姬颱風-宜蘭蘇澳-021-(最).pdf,20101021,2010-11-30 00:00:00
99,梅姬颱風,沖蝕,宜蘭縣,蘇澳鎮,南正里,天主巷盡頭坡地,https://246.swcb.gov.tw/AllFiles/PDF/99年梅姬颱風-宜蘭蘇澳-020-(最).pdf,20101021,2010-11-30 00:00:00
99,梅姬颱風,沖蝕,宜蘭縣,蘇澳鎮,蘇東里,城隍廟(埤岸路31號),https://246.swcb.gov.tw/AllFiles/PDF/99年梅姬颱風-宜蘭蘇澳-019-(最).pdf,20101021,2010-11-30 00:00:00
99,梅姬颱風,洪水,宜蘭縣,冬山鄉,安平村,照安宮橋(照安一路及照安二路交會處),https://246.swcb.gov.tw/AllFiles/PDF/99年梅姬颱風-宜蘭冬山-004-(最).pdf,20101021,2010-11-30 00:00:00
99,梅姬颱風,沖蝕,宜蘭縣,蘇澳鎮,永春里,湖東路底之湧泉休閒農場,https://246.swcb.gov.tw/AllFiles/PDF/99年梅姬颱風-宜蘭蘇澳-027-(最).pdf,20101021,2010-11-30 00:00:00
99,梅姬颱風,沖蝕,宜蘭縣,蘇澳鎮,永春里,湖東路26至28號,https://246.swcb.gov.tw/AllFiles/PDF/99年梅姬颱風-宜蘭蘇澳-026-(最).pdf,20101021,2010-11-30 00:00:00
99,梅姬颱風,"沖蝕,洪水",宜蘭縣,蘇澳鎮,南成里,鎮南廟(文化巷盡頭),https://246.swcb.gov.tw/AllFiles/PDF/99年梅姬颱風-宜蘭蘇澳-023-(最).pdf,20101021,2010-11-30 00:00:00
99,梅姬颱風,洪水,宜蘭縣,蘇澳鎮,聖湖里,聖湖里29~33鄰(台9線102.5K處),https://246.swcb.gov.tw/AllFiles/PDF/99年梅姬颱風-宜蘭蘇澳-003-(最).pdf,20101021,2010-11-30 00:00:00
99,梅姬颱風,"洪水,崩塌",宜蘭縣,蘇澳鎮,新城里,玉皇宮(武荖坑風景區),https://246.swcb.gov.tw/AllFiles/PDF/99年梅姬颱風-宜蘭蘇澳-002-(最).pdf,20101021,2010-11-30 00:00:00
99,梅姬颱風,洪水,宜蘭縣,蘇澳鎮,新城里,武荖坑32號(台9線往蘇澳方向右轉武荖坑路約800公尺),https://246.swcb.gov.tw/AllFiles/PDF/99年梅姬颱風-宜蘭蘇澳-001-(最).pdf,20101021,2010-11-30 00:00:00
99,梅姬颱風,沖蝕,宜蘭縣,冬山鄉,東城村,武荖坑渡假山莊(冬山路一段9弄28號),https://246.swcb.gov.tw/AllFiles/PDF/99年梅姬颱風-宜蘭冬山-002-(最).pdf,20101021,2010-11-30 00:00:00
99,梅姬颱風,洪水,宜蘭縣,三星鄉,拱照村,大坑五號橋(大坑路28號旁民宅旁),https://246.swcb.gov.tw/AllFiles/PDF/99年梅姬颱風-宜蘭三星-001-(最).pdf,20101021,2010-11-30 00:00:00
99,梅姬颱風,"土石流,沖蝕",宜蘭縣,蘇澳鎮,南成里,漢聖宮及南仙宮(新化巷盡頭),https://246.swcb.gov.tw/AllFiles/PDF/99年梅姬颱風-宜蘭蘇澳-009-(最).pdf,20101021,2010-11-30 00:00:00
99,梅姬颱風,洪水,宜蘭縣,大同鄉,寒溪村,宜33線11.2k處,https://246.swcb.gov.tw/AllFiles/PDF/99年梅姬颱風-宜蘭大同-002-(最).pdf,20101021,2010-11-30 00:00:00
99,梅姬颱風,沖蝕,宜蘭縣,蘇澳鎮,蘇西里,中山路一段264巷(蘇澳分局及戶政事務所後方山坡),https://246.swcb.gov.tw/AllFiles/PDF/99年梅姬颱風-宜蘭蘇澳-018-(最).pdf,20101021,2010-11-30 00:00:00
99,梅姬颱風,洪水,宜蘭縣,蘇澳鎮,蘇西里,中山路一段206巷(台9線104k處),https://246.swcb.gov.tw/AllFiles/PDF/99年梅姬颱風-宜蘭蘇澳-017-(最).pdf,20101021,2010-11-30 00:00:00
99,梅姬颱風,"沖蝕,洪水",宜蘭縣,蘇澳鎮,聖湖里,南順宮及聖愛路97號(台9線右轉聖愛路0.5K及1.5處),https://246.swcb.gov.tw/AllFiles/PDF/99年梅姬颱風-宜蘭蘇澳-016-(最).pdf,20101021,2010-11-30 00:00:00
99,梅姬颱風,洪水,宜蘭縣,冬山鄉,東城村,佛光慈惠寺(佛光路260號),https://246.swcb.gov.tw/AllFiles/PDF/99年梅姬颱風-宜蘭冬山-003-(最).pdf,20101021,2010-11-30 00:00:00
99,梅姬颱風,"沖蝕,洪水",宜蘭縣,蘇澳鎮,南正里,蘇南公路水道巷,https://246.swcb.gov.tw/AllFiles/PDF/99年梅姬颱風-宜蘭蘇澳-013-(最).pdf,20101021,2010-11-30 00:00:00
99,梅姬颱風,沖蝕,宜蘭縣,蘇澳鎮,南成里,文化巷(台2戊轉力行街盡頭),https://246.swcb.gov.tw/AllFiles/PDF/99年梅姬颱風-宜蘭蘇澳-022-(最).pdf,20101021,2010-11-30 00:00:00
99,梅姬颱風,沖蝕,宜蘭縣,蘇澳鎮,永春里,湖東路25號民宅(土雞城),https://246.swcb.gov.tw/AllFiles/PDF/99年梅姬颱風-宜蘭蘇澳-028-(最).pdf,20101021,2010-11-30 00:00:00
99,梅姬颱風,"沖蝕,洪水",宜蘭縣,蘇澳鎮,永春里,白米木屐館(永春路134巷15號),https://246.swcb.gov.tw/AllFiles/PDF/99年梅姬颱風-宜蘭蘇澳-025-(最).pdf,20101021,2010-11-30 00:00:00
99,梅姬颱風,"土石流,沖蝕,洪水",宜蘭縣,蘇澳鎮,南成里,南安國中(南方澳學府路尾端),https://246.swcb.gov.tw/AllFiles/PDF/99年梅姬颱風-宜蘭蘇澳-012-(最).pdf,20101021,2010-11-30 00:00:00
99,梅姬颱風,洪水,宜蘭縣,蘇澳鎮,永春里,佬濃山莊(永春路右轉湖南路約600公尺),https://246.swcb.gov.tw/AllFiles/PDF/99年梅姬颱風-宜蘭蘇澳-011-(最).pdf,20101021,2010-11-30 00:00:00
99,梅姬颱風,"沖蝕,洪水",宜蘭縣,蘇澳鎮,永樂里,永樂里10鄰(永樂南路96~99號),https://246.swcb.gov.tw/AllFiles/PDF/99年梅姬颱風-宜蘭蘇澳-007-(最).pdf,20101021,2010-11-30 00:00:00
99,梅姬颱風,洪水,宜蘭縣,蘇澳鎮,永樂里,永樂里11鄰(永樂南路151號民宅),https://246.swcb.gov.tw/AllFiles/PDF/99年梅姬颱風-宜蘭蘇澳-008-(最).pdf,20101021,2010-11-30 00:00:00
99,梅姬颱風,"沖蝕,洪水",宜蘭縣,蘇澳鎮,永春里,猴猴坑溪(永春路左轉湖東路約200公尺),https://246.swcb.gov.tw/AllFiles/PDF/99年梅姬颱風-宜蘭蘇澳-010-(最).pdf,20101021,2010-11-30 00:00:00
99,1016豪雨,洪水,花蓮縣,光復鄉,南富村,太巴塱部落(縣道193線與台11甲交會處),https://246.swcb.gov.tw/AllFiles/PDF/99年1016豪雨-花蓮光復-002-(最).pdf,20101016,2010-11-30 00:00:00
99,1016豪雨,洪水,花蓮縣,豐濱鄉,新社村,復興部落(台11線44K轉復興產業道路),https://246.swcb.gov.tw/AllFiles/PDF/99年1016豪雨-花蓮豐濱-002-(最).pdf,20101016,2010-11-30 00:00:00
99,1016豪雨,洪水,花蓮縣,豐濱鄉,豐濱村,八里灣部落(花51線尾端),https://246.swcb.gov.tw/AllFiles/PDF/99年1016豪雨-花蓮豐濱-001-(最).pdf,20101016,2010-11-30 00:00:00
99,1016豪雨,洪水,花蓮縣,光復鄉,大興村,信望愛少年學院下方,https://246.swcb.gov.tw/AllFiles/PDF/99年1016豪雨-花蓮光復-001-(最).pdf,20101016,2010-11-30 00:00:00
99,990924豪雨,"沖蝕,崩塌",新北市,金山區,重和里,綠峰山莊後方山坡(台2甲線7.5K處),https://246.swcb.gov.tw/AllFiles/PDF/99年0924豪雨-台北金山-001-(最).pdf,20100924,2010-11-30 00:00:00
99,凡那比颱風,"土石流,沖蝕,洪水",屏東縣,來義鄉,來義村,東部落、西部落(來義一號橋),https://246.swcb.gov.tw/AllFiles/PDF/99年凡那比颱風-屏東來義-001-_最_.pdf,20100919,2010-11-30 00:00:00
99,凡那比颱風,"土石流,洪水",屏東縣,來義鄉,義林村,義林活動中心、屏110線聯外道路。,https://246.swcb.gov.tw/AllFiles/PDF/99年凡那比颱風-屏東來義-002-(最).pdf,20100919,2010-11-30 00:00:00
99,凡那比颱風,"洪水,崩塌",屏東縣,來義鄉,南和村,南和社區活動中心,https://246.swcb.gov.tw/AllFiles/PDF/99年凡那比颱風-屏東來義-003-(最).pdf,20100919,2010-11-30 00:00:00
99,凡那比颱風,"沖蝕,洪水",高雄市,六龜區,荖濃里,頂濃橋(台20線75.2K),https://246.swcb.gov.tw/AllFiles/PDF/99年凡那比颱風-高雄六龜-005-(最).pdf,20100919,2010-11-30 00:00:00
99,凡那比颱風,土石流,高雄市,六龜區,大津里,津鳳宮(台27線22.5k),https://246.swcb.gov.tw/AllFiles/PDF/99年凡那比颱風-高雄六龜-001-(最).pdf,20100919,2010-11-30 00:00:00
99,凡那比颱風,"土石流,洪水",高雄市,六龜區,文武里,六龜高中(台27甲線2k處),https://246.swcb.gov.tw/AllFiles/PDF/99年凡那比颱風-高雄六龜-004-(最).pdf,20100919,2010-11-30 00:00:00
99,凡那比颱風,"土石流,洪水",高雄市,六龜區,大津里,大津社區活動中心北側野溪(台27線23.7k),https://246.swcb.gov.tw/AllFiles/PDF/99年凡那比颱風-高雄六龜-003-(最).pdf,20100919,2010-11-30 00:00:00
99,凡那比颱風,土石流,高雄市,六龜區,大津里,六津橋(台27線20k處),https://246.swcb.gov.tw/AllFiles/PDF/99年凡那比颱風-高雄六龜-002-(最).pdf,20100919,2010-11-30 00:00:00
99,萊羅克颱風,"沖蝕,崩塌",臺東縣,大武鄉,大竹村,愛國蒲部落(台9線423.5K轉入愛國蒲產業道路約2公里),https://246.swcb.gov.tw/AllFiles/PDF/99年萊羅克颱風-台東大武-001-(最).pdf,20100901,2010-11-30 00:00:00
99,其他,地滑,基隆市,七堵區,瑪東里,國道三號3.1k(大埔跨越橋),https://246.swcb.gov.tw/AllFiles/PDF/99年其他-基隆-001-(最).pdf,20100425,2010-11-30 00:00:00
98,芭瑪颱風,"沖蝕,洪水",宜蘭縣,大同鄉,寒溪村,寒溪大橋(約位於宜33線道路4.2K處),https://246.swcb.gov.tw/AllFiles/PDF/98年芭瑪颱風-宜蘭大同-001.pdf,20091006,2010-04-07 00:00:00
98,芭瑪颱風,"土石流,沖蝕",宜蘭縣,三星鄉,天山村,天山農場(台7丙線轉下湖路),https://246.swcb.gov.tw/AllFiles/PDF/98年芭瑪颱風-宜蘭三星-001.pdf,20091005,2010-04-07 00:00:00
98,莫拉克颱風,土石流,南投縣,水里鄉,玉峰村,大坑橋,https://246.swcb.gov.tw/AllFiles/PDF/98年莫拉克颱風-南投水里-003.pdf,20090818,2010-04-07 00:00:00
98,莫拉克颱風,沖蝕,雲林縣,古坑鄉,草嶺村,公田聚落(草嶺往921地震觀景台500公尺，公田14號電桿旁溪流處),https://246.swcb.gov.tw/AllFiles/PDF/98年莫拉克颱風-雲林古坑-003.pdf,20090809,2010-07-26 00:00:00
98,莫拉克颱風,"沖蝕,洪水",雲林縣,古坑鄉,草嶺村,青山坪農場,https://246.swcb.gov.tw/AllFiles/PDF/98年莫拉克颱風-雲林古坑-009.pdf,20090809,2010-07-26 00:00:00
98,莫拉克颱風,沖蝕,雲林縣,古坑鄉,樟湖村,過寮部落(縣道149線21k，樟湖段141號電線桿處),https://246.swcb.gov.tw/AllFiles/PDF/98年莫拉克颱風-雲林古坑-007.pdf,20090809,2010-07-26 00:00:00
98,莫拉克颱風,沖蝕,雲林縣,古坑鄉,樟湖村,樟湖國小(樟湖28-1號民宅旁),https://246.swcb.gov.tw/AllFiles/PDF/98年莫拉克颱風-雲林古坑-006.pdf,20090809,2010-07-26 00:00:00
98,莫拉克颱風,土石流,嘉義縣,阿里山鄉,來吉村,來吉大橋、來吉五鄰大橋(縣道149甲49K處),https://246.swcb.gov.tw/AllFiles/PDF/98年莫拉克颱風-嘉義阿里山-005.pdf,20090809,2010-07-26 00:00:00
98,莫拉克颱風,沖蝕,雲林縣,古坑鄉,樟湖村,石橋部落(縣道149線23K),https://246.swcb.gov.tw/AllFiles/PDF/98年莫拉克颱風-雲林古坑-011.pdf,20090809,2010-07-26 00:00:00
98,莫拉克颱風,地滑,臺東縣,大武鄉,大竹村,大竹本部落(位於台9線425km大竹安檢所旁),https://246.swcb.gov.tw/AllFiles/PDF/98年莫拉克颱風-台東大武-004.pdf,20090809,2010-07-26 00:00:00
98,莫拉克颱風,沖蝕,雲林縣,古坑鄉,樟湖村,後棟仔部落石橋52號民宅,https://246.swcb.gov.tw/AllFiles/PDF/98年莫拉克颱風-雲林古坑-005.pdf,20090809,2010-07-26 00:00:00
98,莫拉克颱風,沖蝕,臺南市,東山區,南勢里,南勢村41-27號民宅(曾文三號橋旁野溪),https://246.swcb.gov.tw/AllFiles/PDF/98年莫拉克颱風-台南東山-003.pdf,20090809,2010-07-26 00:00:00
98,莫拉克颱風,土石流,南投縣,信義鄉,望美村,8鄰檜木巷63 號,https://246.swcb.gov.tw/AllFiles/PDF/98年莫拉克颱風-南投信義-003.pdf,20090809,2010-07-26 00:00:00
98,莫拉克颱風,沖蝕,嘉義縣,梅山鄉,瑞里村,瑞里村8鄰7號民宅,https://246.swcb.gov.tw/AllFiles/PDF/98年莫拉克颱風-嘉義梅山-009.pdf,20090809,2010-07-26 00:00:00
98,莫拉克颱風,沖蝕,嘉義縣,梅山鄉,瑞里村,瑞里村1鄰2號及3號民宅,https://246.swcb.gov.tw/AllFiles/PDF/98年莫拉克颱風-嘉義梅山-011.pdf,20090809,2010-07-26 00:00:00
98,莫拉克颱風,沖蝕,高雄市,茂林區,萬山里,萬山村(約位於高132線6.6k處),https://246.swcb.gov.tw/AllFiles/PDF/98年莫拉克颱風-高雄茂林-001.pdf,20090809,2010-04-07 00:00:00
98,莫拉克颱風,土石流,臺東縣,太麻里鄉,金崙村,賓茂國小,https://246.swcb.gov.tw/AllFiles/PDF/98年莫拉克颱風-台東太麻里-001.pdf,20090809,2010-04-07 00:00:00
98,莫拉克颱風,土石流,臺東縣,大武鄉,大竹村,富山部落(約位於台9線426.5k處),https://246.swcb.gov.tw/AllFiles/PDF/98年莫拉克颱風-台東大武-001.pdf,20090809,2010-04-07 00:00:00
98,莫拉克颱風,沖蝕,高雄市,六龜區,新發里,新發村14鄰後方邊坡,https://246.swcb.gov.tw/AllFiles/PDF/98年莫拉克颱風-高雄六龜-010.pdf,20090809,2010-04-07 00:00:00
98,莫拉克颱風,土石流,高雄市,六龜區,新發里,新發村6鄰,https://246.swcb.gov.tw/AllFiles/PDF/98年莫拉克颱風-高雄六龜-009.pdf,20090809,2010-04-07 00:00:00
98,莫拉克颱風,沖蝕,高雄市,六龜區,寶來里,寶來村17鄰竹林地區(瓏美山莊),https://246.swcb.gov.tw/AllFiles/PDF/98年莫拉克颱風-高雄六龜-008.pdf,20090809,2010-04-07 00:00:00
98,莫拉克颱風,沖蝕,高雄市,六龜區,興龍里,妙崇寺(位於台27線7.5k舊潭2號橋南端右轉進入約200公尺處),https://246.swcb.gov.tw/AllFiles/PDF/98年莫拉克颱風-高雄六龜-005.pdf,20090809,2010-04-07 00:00:00
98,莫拉克颱風,沖蝕,屏東縣,來義鄉,丹林村,來義大橋下游左岸、丹林村6鄰聚落,https://246.swcb.gov.tw/AllFiles/PDF/98年莫拉克颱風-屏東來義-004.pdf,20090809,2010-04-07 00:00:00
98,莫拉克颱風,"沖蝕,洪水",屏東縣,來義鄉,丹林村,來義大橋上游右岸、丹林村5鄰聚落,https://246.swcb.gov.tw/AllFiles/PDF/98年莫拉克颱風-屏東來義-003.pdf,20090809,2010-04-07 00:00:00
98,莫拉克颱風,土石流,嘉義縣,阿里山鄉,來吉村,來吉國小,https://246.swcb.gov.tw/AllFiles/PDF/98年莫拉克颱風-嘉義阿里山-001.pdf,20090809,2010-04-07 00:00:00
98,莫拉克颱風,沖蝕,嘉義縣,番路鄉,公田村,公田村(台18線西向右轉進入嘉130-1線約1.5公里處),https://246.swcb.gov.tw/AllFiles/PDF/98年莫拉克颱風-嘉義番路-001.pdf,20090809,2010-04-07 00:00:00
98,莫拉克颱風,土石流,高雄市,杉林區,集來里,台21線249K處之火山橋,https://246.swcb.gov.tw/AllFiles/PDF/98年莫拉克颱風-高雄杉林-001.pdf,20090809,2010-04-07 00:00:00
98,莫拉克颱風,"沖蝕,洪水",高雄市,甲仙區,東安里,三山國王廟,https://246.swcb.gov.tw/AllFiles/PDF/98年莫拉克颱風-高雄甲仙-005.pdf,20090809,2010-04-07 00:00:00
98,莫拉克颱風,土石流,嘉義縣,中埔鄉,中崙村,台3線中崙四號橋,https://246.swcb.gov.tw/AllFiles/PDF/98年莫拉克颱風-嘉義中埔-002.pdf,20090809,2010-04-07 00:00:00
98,莫拉克颱風,沖蝕,嘉義縣,中埔鄉,東興村,嘉141線邊坡道路,https://246.swcb.gov.tw/AllFiles/PDF/98年莫拉克颱風-嘉義中埔-001.pdf,20090809,2010-04-07 00:00:00
98,莫拉克颱風,土石流,嘉義縣,阿里山鄉,來吉村,內來吉-來吉橋,https://246.swcb.gov.tw/AllFiles/PDF/98年莫拉克颱風-嘉義阿里山-004.pdf,20090809,2010-04-07 00:00:00
98,莫拉克颱風,"土石流,洪水",嘉義縣,阿里山鄉,里佳村,169線道路終點銜接里佳村聚落道路約400公尺處及里佳大橋,https://246.swcb.gov.tw/AllFiles/PDF/98年莫拉克颱風-嘉義阿里山-003.pdf,20090809,2010-04-07 00:00:00
98,莫拉克颱風,"沖蝕,洪水",高雄市,甲仙區,小林里,小林國小(台21線224k處),https://246.swcb.gov.tw/AllFiles/PDF/98年莫拉克颱風-高雄甲仙-001.pdf,20090809,2010-04-07 00:00:00
98,莫拉克颱風,沖蝕,高雄市,那瑪夏區,南沙魯里,錫安山,https://246.swcb.gov.tw/AllFiles/PDF/98年莫拉克颱風-高雄那瑪夏-004.pdf,20090809,2010-04-07 00:00:00
98,莫拉克颱風,"土石流,沖蝕",高雄市,那瑪夏區,南沙魯里,三景宮(主要受災地點為鞍山巷地區南側，那托爾薩溪北岸),https://246.swcb.gov.tw/AllFiles/PDF/98年莫拉克颱風-高雄那瑪夏-003.pdf,20090809,2010-04-07 00:00:00
98,莫拉克颱風,洪水,臺中市,和平區,達觀里,雪山坑橋,https://246.swcb.gov.tw/AllFiles/PDF/98年莫拉克颱風-台中和平-001.pdf,20090809,2010-04-07 00:00:00
98,莫拉克颱風,沖蝕,南投縣,國姓鄉,南港村,長安橋,https://246.swcb.gov.tw/AllFiles/PDF/98年莫拉克颱風-南投國姓-001.pdf,20090809,2010-04-07 00:00:00
98,莫拉克颱風,洪水,南投縣,水里鄉,新山村,壽山橋(約位於台21線80K附近),https://246.swcb.gov.tw/AllFiles/PDF/98年莫拉克颱風-南投水里-002.pdf,20090809,2010-04-07 00:00:00
98,莫拉克颱風,沖蝕,南投縣,水里鄉,玉峰村,投131線轉入竹湖橋約3km,https://246.swcb.gov.tw/AllFiles/PDF/98年莫拉克颱風-南投水里-001.pdf,20090809,2010-04-07 00:00:00
98,莫拉克颱風,洪水,南投縣,仁愛鄉,南豐村,楓林路食菜坑溪便橋,https://246.swcb.gov.tw/AllFiles/PDF/98年莫拉克颱風-南投仁愛-002.pdf,20090809,2010-04-07 00:00:00
98,莫拉克颱風,沖蝕,嘉義縣,梅山鄉,太和村,太和村公田部落,https://246.swcb.gov.tw/AllFiles/PDF/98年莫拉克颱風-嘉義梅山-001.pdf,20090809,2010-04-07 00:00:00
98,莫拉克颱風,沖蝕,雲林縣,古坑鄉,草嶺村,草嶺中坪商店街,https://246.swcb.gov.tw/AllFiles/PDF/98年莫拉克颱風-雲林古坑-002.pdf,20090809,2010-04-07 00:00:00
98,莫拉克颱風,沖蝕,雲林縣,古坑鄉,華山村,猴洞橋,https://246.swcb.gov.tw/AllFiles/PDF/98年莫拉克颱風-雲林古坑-001.pdf,20090809,2010-04-07 00:00:00
98,莫拉克颱風,"土石流,洪水",南投縣,信義鄉,同富村,台21線105k,https://246.swcb.gov.tw/AllFiles/PDF/98年莫拉克颱風-南投信義-002.pdf,20090809,2010-04-07 00:00:00
98,莫拉克颱風,洪水,南投縣,信義鄉,神木村,隆華國小(台21線105k),https://246.swcb.gov.tw/AllFiles/PDF/98年莫拉克颱風-南投信義-001.pdf,20090809,2010-04-07 00:00:00
98,莫拉克颱風,沖蝕,南投縣,鹿谷鄉,和雅村,深坑林道,https://246.swcb.gov.tw/AllFiles/PDF/98年莫拉克颱風-南投鹿谷-001.pdf,20090809,2010-04-07 00:00:00
98,莫拉克颱風,沖蝕,嘉義縣,梅山鄉,瑞峰村,竹坑民宿(位於162甲線約30K),https://246.swcb.gov.tw/AllFiles/PDF/98年莫拉克颱風-嘉義梅山-003.pdf,20090809,2010-04-07 00:00:00
98,莫拉克颱風,"沖蝕,地滑",嘉義縣,梅山鄉,太和村,振興宮,https://246.swcb.gov.tw/AllFiles/PDF/98年莫拉克颱風-嘉義梅山-005.pdf,20090808,2010-04-07 00:00:00
98,莫拉克颱風,地滑,嘉義縣,梅山鄉,太和村,太和村油車寮7鄰,https://246.swcb.gov.tw/AllFiles/PDF/98年莫拉克颱風-嘉義梅山-004.pdf,20090808,2010-04-07 00:00:00
98,莫拉克颱風,沖蝕,嘉義縣,梅山鄉,瑞里村,青葉山莊(約位於嘉122線31.5k),https://246.swcb.gov.tw/AllFiles/PDF/98年莫拉克颱風-嘉義梅山-002.pdf,20090808,2010-04-07 00:00:00
98,莫拉克颱風,洪水,南投縣,仁愛鄉,南豐村,南豐橋(受災地點為過南豐橋後，沿夢谷農路上行約800公尺處),https://246.swcb.gov.tw/AllFiles/PDF/98年莫拉克颱風-南投仁愛-001.pdf,20090808,2010-04-07 00:00:00
98,莫拉克颱風,土石流,臺南市,南化區,玉山里,青山宮,https://246.swcb.gov.tw/AllFiles/PDF/98年莫拉克颱風-台南南化-001.pdf,20090808,2010-04-07 00:00:00
98,莫拉克颱風,土石流,高雄市,那瑪夏區,瑪雅里,三民國中,https://246.swcb.gov.tw/AllFiles/PDF/98年莫拉克颱風-高雄那瑪夏-002.pdf,20090808,2010-04-07 00:00:00
98,莫拉克颱風,土石流,高雄市,那瑪夏區,瑪雅里,台21線月兒橋,https://246.swcb.gov.tw/AllFiles/PDF/98年莫拉克颱風-高雄那瑪夏-001.pdf,20090808,2010-04-07 00:00:00
98,莫拉克颱風,沖蝕,嘉義縣,阿里山鄉,樂野村,包含台18線巃頭隧道口、樂山產業道路及野溪下游位置等三處,https://246.swcb.gov.tw/AllFiles/PDF/98年莫拉克颱風-嘉義阿里山-002.pdf,20090808,2010-04-07 00:00:00
98,莫拉克颱風,土石流,高雄市,甲仙區,東安里,高130線3.7k處油礦四號橋,https://246.swcb.gov.tw/AllFiles/PDF/98年莫拉克颱風-高雄甲仙-004.pdf,20090808,2010-04-07 00:00:00
98,莫拉克颱風,沖蝕,高雄市,甲仙區,西安里,樂群巷8-22號,https://246.swcb.gov.tw/AllFiles/PDF/98年莫拉克颱風-高雄甲仙-003.pdf,20090808,2010-04-07 00:00:00
98,莫拉克颱風,"土石流,沖蝕",高雄市,甲仙區,西安里,玉凌宮,https://246.swcb.gov.tw/AllFiles/PDF/98年莫拉克颱風-高雄甲仙-002.pdf,20090808,2010-04-07 00:00:00
98,莫拉克颱風,"土石流,洪水",高雄市,甲仙區,大田里,高129線約1.1k處(仙橋),https://246.swcb.gov.tw/AllFiles/PDF/98年莫拉克颱風-高雄甲仙-006.pdf,20090808,2010-04-07 00:00:00
98,莫拉克颱風,"土石流,沖蝕,洪水",屏東縣,來義鄉,來義村,屏110線16.6k處來社橋,https://246.swcb.gov.tw/AllFiles/PDF/98年莫拉克颱風-屏東來義-002.pdf,20090808,2010-04-07 00:00:00
98,莫拉克颱風,"土石流,洪水",屏東縣,來義鄉,義林村,義林大橋及義林村7號旁,https://246.swcb.gov.tw/AllFiles/PDF/98年莫拉克颱風-屏東來義-001.pdf,20090808,2010-04-07 00:00:00
98,莫拉克颱風,"沖蝕,地滑",屏東縣,泰武鄉,泰武村,泰武國小,https://246.swcb.gov.tw/AllFiles/PDF/98年莫拉克颱風-屏東泰武-001.pdf,20090808,2010-04-07 00:00:00
98,莫拉克颱風,"沖蝕,洪水",屏東縣,霧臺鄉,好茶村,好茶村好茶教會,https://246.swcb.gov.tw/AllFiles/PDF/98年莫拉克颱風-屏東霧台-002.pdf,20090808,2010-04-07 00:00:00
98,莫拉克颱風,"沖蝕,地滑",屏東縣,霧臺鄉,吉露村,台24線46k處吉露村部落,https://246.swcb.gov.tw/AllFiles/PDF/98年莫拉克颱風-屏東霧台-001.pdf,20090808,2010-04-07 00:00:00
98,莫拉克颱風,"沖蝕,洪水",屏東縣,三地門鄉,大社村,大社聚落(約位於屏31線0K處),https://246.swcb.gov.tw/AllFiles/PDF/98年莫拉克颱風-屏東三地門-002.pdf,20090808,2010-04-07 00:00:00
98,莫拉克颱風,土石流,屏東縣,三地門鄉,口社村,口社村(位於185線約15.5k處),https://246.swcb.gov.tw/AllFiles/PDF/98年莫拉克颱風-屏東三地門-001.pdf,20090808,2010-04-07 00:00:00
98,莫拉克颱風,"土石流,洪水",高雄市,六龜區,中興里,台27線13.0K處,https://246.swcb.gov.tw/AllFiles/PDF/98年莫拉克颱風-高雄六龜-004.pdf,20090808,2010-04-07 00:00:00
98,莫拉克颱風,"土石流,沖蝕",高雄市,六龜區,新發里,荖濃溪溫泉會館(高133線約7.2k處),https://246.swcb.gov.tw/AllFiles/PDF/98年莫拉克颱風-高雄六龜-003.pdf,20090808,2010-04-07 00:00:00
98,莫拉克颱風,"土石流,沖蝕",高雄市,六龜區,新發里,青山溫泉渡假村(高133線約4.5k處),https://246.swcb.gov.tw/AllFiles/PDF/98年莫拉克颱風-高雄六龜-002.pdf,20090808,2010-04-07 00:00:00
98,莫拉克颱風,土石流,高雄市,六龜區,大津里,津鳳宮,https://246.swcb.gov.tw/AllFiles/PDF/98年莫拉克颱風-高雄六龜-001.pdf,20090808,2010-04-07 00:00:00
98,莫拉克颱風,洪水,高雄市,杉林區,木梓里,高129線約3.2k處(奇潭橋),https://246.swcb.gov.tw/AllFiles/PDF/98年莫拉克颱風-高雄杉林-002.pdf,20090808,2010-04-07 00:00:00
98,莫拉克颱風,"沖蝕,洪水",高雄市,六龜區,興龍里,舊潭橋(台27線7.5k處),https://246.swcb.gov.tw/AllFiles/PDF/98年莫拉克颱風-高雄六龜-007.pdf,20090808,2010-04-07 00:00:00
98,莫拉克颱風,沖蝕,臺東縣,大武鄉,大竹村,愛國蒲教堂,https://246.swcb.gov.tw/AllFiles/PDF/98年莫拉克颱風-台東大武-003.pdf,20090808,2010-04-07 00:00:00
98,莫拉克颱風,土石流,臺東縣,大武鄉,大鳥村,位於台9線420.5K旁坡地且鄰近大鳥國小,https://246.swcb.gov.tw/AllFiles/PDF/98年莫拉克颱風-台東大武-002.pdf,20090808,2010-04-07 00:00:00
98,莫拉克颱風,洪水,臺東縣,金峰鄉,嘉蘭村,東64線5K處,https://246.swcb.gov.tw/AllFiles/PDF/98年莫拉克颱風-台東金峰-001.pdf,20090808,2010-04-07 00:00:00
98,莫拉克颱風,"沖蝕,地滑",屏東縣,牡丹鄉,石門村,中間路聚落(199線中間路橋),https://246.swcb.gov.tw/AllFiles/PDF/98年莫拉克颱風-屏東牡丹-002.pdf,20090808,2010-04-07 00:00:00
98,莫拉克颱風,地滑,屏東縣,牡丹鄉,高士村,村辦公室後方邊坡之5鄰及6鄰聚落,https://246.swcb.gov.tw/AllFiles/PDF/98年莫拉克颱風-屏東牡丹-001.pdf,20090808,2010-04-07 00:00:00
98,莫拉克颱風,土石流,屏東縣,來義鄉,義林村,大後社區,https://246.swcb.gov.tw/AllFiles/PDF/98年莫拉克颱風-屏東來義-005.pdf,20090808,2010-04-07 00:00:00
98,莫拉克颱風,土石流,高雄市,桃源區,建山里,建山二橋(位於台20線78.4k處),https://246.swcb.gov.tw/AllFiles/PDF/98年莫拉克颱風-高雄桃源-001.pdf,20090808,2010-04-07 00:00:00
98,莫拉克颱風,"土石流,沖蝕",高雄市,六龜區,新發里,上新開六龜大佛,https://246.swcb.gov.tw/AllFiles/PDF/98年莫拉克颱風-高雄六龜-013.pdf,20090808,2010-04-07 00:00:00
98,莫拉克颱風,"土石流,沖蝕",高雄市,六龜區,寶來里,建山一橋(位於台20線76.5k處),https://246.swcb.gov.tw/AllFiles/PDF/98年莫拉克颱風-高雄六龜-012.pdf,20090808,2010-04-07 00:00:00
98,莫拉克颱風,土石流,嘉義縣,梅山鄉,瑞里村,瑞里村6鄰、7鄰,https://246.swcb.gov.tw/AllFiles/PDF/98年莫拉克颱風-嘉義梅山-012.pdf,20090808,2010-07-26 00:00:00
98,莫拉克颱風,"沖蝕,地滑",嘉義縣,梅山鄉,瑞里村,梅山鄉瑞里村(8 鄰 6 號),https://246.swcb.gov.tw/AllFiles/PDF/98年莫拉克颱風-嘉義梅山-010.pdf,20090808,2010-07-26 00:00:00
98,莫拉克颱風,地滑,嘉義縣,梅山鄉,瑞里村,8鄰12號、14號、16號,https://246.swcb.gov.tw/AllFiles/PDF/98年莫拉克颱風-嘉義梅山-008.pdf,20090808,2010-07-26 00:00:00
98,莫拉克颱風,沖蝕,嘉義縣,梅山鄉,瑞里村,瑞里大飯店(8鄰24號、25號),https://246.swcb.gov.tw/AllFiles/PDF/98年莫拉克颱風-嘉義梅山-007.pdf,20090808,2010-07-26 00:00:00
98,莫拉克颱風,沖蝕,高雄市,甲仙區,小林里,第六號橋(台21線約174K處),https://246.swcb.gov.tw/AllFiles/PDF/98年莫拉克颱風-高雄甲仙-012.pdf,20090808,2010-07-26 00:00:00
98,莫拉克颱風,土石流,高雄市,甲仙區,東安里,咖啡巷(台20線55K+400處),https://246.swcb.gov.tw/AllFiles/PDF/98年莫拉克颱風-高雄甲仙-011.pdf,20090808,2010-07-26 00:00:00
98,莫拉克颱風,洪水,高雄市,甲仙區,關山里,關西巷,https://246.swcb.gov.tw/AllFiles/PDF/98年莫拉克颱風-高雄甲仙-010.pdf,20090808,2010-07-26 00:00:00
98,莫拉克颱風,"土石流,洪水",高雄市,甲仙區,關山里,三聖宮、震威宮,https://246.swcb.gov.tw/AllFiles/PDF/98年莫拉克颱風-高雄甲仙-009.pdf,20090808,2010-07-26 00:00:00
98,莫拉克颱風,"沖蝕,洪水",高雄市,甲仙區,小林里,顯聖壇,https://246.swcb.gov.tw/AllFiles/PDF/98年莫拉克颱風-高雄甲仙-007.pdf,20090808,2010-07-26 00:00:00
98,莫拉克颱風,土石流,南投縣,信義鄉,神木村,神木村12鄰(舊愛玉橋),https://246.swcb.gov.tw/AllFiles/PDF/98年莫拉克颱風-南投信義-008.pdf,20090808,2010-07-26 00:00:00
98,莫拉克颱風,沖蝕,南投縣,信義鄉,神木村,神木村11鄰受損農舍,https://246.swcb.gov.tw/AllFiles/PDF/98年莫拉克颱風-南投信義-007.pdf,20090808,2010-07-26 00:00:00
98,莫拉克颱風,土石流,南投縣,信義鄉,神木村,神木大橋,https://246.swcb.gov.tw/AllFiles/PDF/98年莫拉克颱風-南投信義-006.pdf,20090808,2010-07-26 00:00:00
98,莫拉克颱風,土石流,南投縣,信義鄉,神木村,隆華高枝18號電桿,https://246.swcb.gov.tw/AllFiles/PDF/98年莫拉克颱風-南投信義-005.pdf,20090808,2010-07-26 00:00:00
98,莫拉克颱風,沖蝕,南投縣,信義鄉,神木村,神木村1鄰,https://246.swcb.gov.tw/AllFiles/PDF/98年莫拉克颱風-南投信義-004.pdf,20090808,2010-07-26 00:00:00
98,莫拉克颱風,沖蝕,高雄市,六龜區,六龜里,彩蝶橋(高131線六龜段95號電線桿旁便道),https://246.swcb.gov.tw/AllFiles/PDF/98年莫拉克颱風-高雄六龜-016.pdf,20090808,2010-07-26 00:00:00
98,莫拉克颱風,洪水,臺南市,東山區,南勢里,20鄰41-18、19號(五叉溝往東山段24號電線桿處),https://246.swcb.gov.tw/AllFiles/PDF/98年莫拉克颱風-台南東山-002.pdf,20090808,2010-07-26 00:00:00
98,莫拉克颱風,沖蝕,臺南市,東山區,南勢里,20鄰41 -16、17號(五叉溝五叉高分64號電桿),https://246.swcb.gov.tw/AllFiles/PDF/98年莫拉克颱風-台南東山-001.pdf,20090808,2010-07-26 00:00:00
98,莫拉克颱風,沖蝕,高雄市,六龜區,興龍里,覺元寺(自六龜大橋往台27線方向，於台27線上左轉龍興國小，繼續往前1.5公里),https://246.swcb.gov.tw/AllFiles/PDF/98年莫拉克颱風-高雄六龜-015.pdf,20090808,2010-07-26 00:00:00
98,莫拉克颱風,沖蝕,雲林縣,古坑鄉,樟湖村,石橋山莊(縣道149線23k),https://246.swcb.gov.tw/AllFiles/PDF/98年莫拉克颱風-雲林古坑-004.pdf,20090808,2010-07-26 00:00:00
98,莫拉克颱風,土石流,高雄市,桃源區,拉芙蘭里,樟山國小,https://246.swcb.gov.tw/AllFiles/PDF/98年莫拉克颱風-高雄桃源-007.pdf,20090808,2010-07-26 00:00:00
98,莫拉克颱風,沖蝕,高雄市,桃源區,梅山里,梅山派出所,https://246.swcb.gov.tw/AllFiles/PDF/98年莫拉克颱風-高雄桃源-002.pdf,20090808,2010-07-26 00:00:00
98,莫拉克颱風,"沖蝕,洪水",高雄市,甲仙區,小林里,錦地巷1鄰3號民宅(台21線229.5k處右轉約250m處),https://246.swcb.gov.tw/AllFiles/PDF/98年莫拉克颱風-高雄甲仙-008.pdf,20090808,2010-07-26 00:00:00
98,莫拉克颱風,"洪水,地滑",屏東縣,滿州鄉,長樂村,八瑤教會(縣道200線24k處),https://246.swcb.gov.tw/AllFiles/PDF/98年莫拉克颱風-屏東滿洲-001.pdf,20090808,2010-07-26 00:00:00
98,莫拉克颱風,"洪水,地滑",屏東縣,瑪家鄉,瑪家村,瑪家聚落(位於屏35縣道11K處),https://246.swcb.gov.tw/AllFiles/PDF/98年莫拉克颱風-屏東瑪家-001.pdf,20090808,2010-07-26 00:00:00
98,莫拉克颱風,沖蝕,屏東縣,三地門鄉,德文村,德文派出所(屏31線約7.0k處),https://246.swcb.gov.tw/AllFiles/PDF/98年莫拉克颱風-屏東三地門-003.pdf,20090808,2010-07-26 00:00:00
98,莫拉克颱風,地滑,高雄市,桃源區,寶山里,森濤派出所,https://246.swcb.gov.tw/AllFiles/PDF/98年莫拉克颱風-高雄桃源-006.pdf,20090808,2010-07-26 00:00:00
98,莫拉克颱風,地滑,高雄市,桃源區,寶山里,寶山國小二集團分校,https://246.swcb.gov.tw/AllFiles/PDF/98年莫拉克颱風-高雄桃源-004.pdf,20090808,2010-07-26 00:00:00
98,莫拉克颱風,地滑,高雄市,桃源區,寶山里,寶山國小(位於藤枝林道上),https://246.swcb.gov.tw/AllFiles/PDF/98年莫拉克颱風-高雄桃源-003.pdf,20090808,2010-07-26 00:00:00
98,莫拉克颱風,沖蝕,雲林縣,古坑鄉,草嶺村,摸石乳部落(草嶺國小下邊坡嘉149甲線34K),https://246.swcb.gov.tw/AllFiles/PDF/98年莫拉克颱風-雲林古坑-010.pdf,20090808,2010-07-26 00:00:00
98,莫拉克颱風,土石流,雲林縣,古坑鄉,草嶺村,梅溪渡假村（竹篙水35號電桿處野溪）,https://246.swcb.gov.tw/AllFiles/PDF/98年莫拉克颱風-雲林古坑-008.pdf,20090808,2010-07-26 00:00:00
98,莫拉克颱風,土石流,嘉義縣,大埔鄉,茄苳村,9鄰木瓜坑,https://246.swcb.gov.tw/AllFiles/PDF/98年莫拉克颱風-嘉義大埔-001.pdf,20090808,2010-07-26 00:00:00
98,莫拉克颱風,土石流,嘉義縣,梅山鄉,太和村,蛤里味部落太和國小(位於嘉169線4K處),https://246.swcb.gov.tw/AllFiles/PDF/98年莫拉克颱風-嘉義梅山-013.pdf,20090808,2010-07-26 00:00:00
98,莫拉克颱風,土石流,嘉義縣,梅山鄉,太和村,全仔社6鄰（嘉縣149甲44K）,https://246.swcb.gov.tw/AllFiles/PDF/98年莫拉克颱風-嘉義梅山-015.pdf,20090808,2010-07-26 00:00:00
98,莫拉克颱風,土石流,嘉義縣,梅山鄉,太和村,社前湖8-5號(仁和國小邊坡下方靠近社興橋舊址處),https://246.swcb.gov.tw/AllFiles/PDF/98年莫拉克颱風-嘉義梅山-014.pdf,20090808,2010-07-26 00:00:00
98,莫拉克颱風,地滑,高雄市,桃源區,寶山里,後棟仔部落石橋52號民宅,https://246.swcb.gov.tw/AllFiles/PDF/98年莫拉克颱風-高雄桃源-005.pdf,20090808,2010-07-26 00:00:00
98,莫拉克颱風,沖蝕,嘉義縣,阿里山鄉,新美村,新美村2鄰(近嘉129線17.5k處),https://246.swcb.gov.tw/AllFiles/PDF/98年莫拉克颱風-嘉義阿里山-010.pdf,20090808,2010-07-26 00:00:00
98,莫拉克颱風,土石流,嘉義縣,阿里山鄉,茶山村,雅米阿那聚落(茶山村1鄰),https://246.swcb.gov.tw/AllFiles/PDF/98年莫拉克颱風-嘉義阿里山-009.pdf,20090808,2010-07-26 00:00:00
98,莫拉克颱風,土石流,嘉義縣,阿里山鄉,山美村,山美國小(嘉129線靠近山美段209號電線桿處),https://246.swcb.gov.tw/AllFiles/PDF/98年莫拉克颱風-嘉義阿里山-008.pdf,20090808,2010-07-26 00:00:00
98,莫拉克颱風,"沖蝕,崩塌",嘉義縣,阿里山鄉,達邦村,特富野度假山莊(達邦段57號電線桿),https://246.swcb.gov.tw/AllFiles/PDF/98年莫拉克颱風-嘉義阿里山-007.pdf,20090808,2010-07-26 00:00:00
98,莫拉克颱風,沖蝕,嘉義縣,阿里山鄉,十字村,十字村6鄰(嘉149線往來吉段204號電線桿處),https://246.swcb.gov.tw/AllFiles/PDF/98年莫拉克颱風-嘉義阿里山-006.pdf,20090807,2010-07-26 00:00:00
98,莫拉克颱風,"沖蝕,地滑",嘉義縣,番路鄉,大湖村,五百恩仔部落(嘉159甲線25.5K處),https://246.swcb.gov.tw/AllFiles/PDF/98年莫拉克颱風-嘉義番路-002.pdf,20090807,2010-07-26 00:00:00
98,莫拉克颱風,土石流,高雄市,六龜區,寶來里,台20線寶建路段,https://246.swcb.gov.tw/AllFiles/PDF/98年莫拉克颱風-高雄六龜-014.pdf,20090807,2010-07-26 00:00:00
98,莫拉克颱風,地滑,嘉義縣,梅山鄉,瑞里村,梅山鄉瑞里村5鄰62-8號,https://246.swcb.gov.tw/AllFiles/PDF/98年莫拉克颱風-嘉義梅山-006.pdf,20090807,2010-07-26 00:00:00
98,莫拉克颱風,土石流,高雄市,六龜區,寶來里,五龍宮(台20線轉入寶建路約200公尺處),https://246.swcb.gov.tw/AllFiles/PDF/98年莫拉克颱風-高雄六龜-011.pdf,20090807,2010-04-07 00:00:00
98,莫拉克颱風,土石流,高雄市,六龜區,中興里,台27線17k,https://246.swcb.gov.tw/AllFiles/PDF/98年莫拉克颱風-高雄六龜-006.pdf,20090807,2010-04-07 00:00:00
98,其他,沖蝕,屏東縣,瑪家鄉,北葉村,好茶道路(自台灣原住民文化園區入口處往好茶村方向約1.05公里處、距觀流吊橋約130公尺),https://246.swcb.gov.tw/AllFiles/PDF/98年其他-屏東瑪家-001.pdf,20090725,2010-04-07 00:00:00
97,薔蜜颱風,"沖蝕,地滑",臺北市,文山區,指南里,萬壽路61巷棲霞山莊、75巷政大御花園後方坡地及光明路二段74巷11號附近道路及民宅,https://246.swcb.gov.tw/AllFiles/PDF/97年薔蜜颱風-台北文山-001.pdf,20080928,2009-05-25 00:00:00
97,辛樂克颱風,"沖蝕,洪水",南投縣,仁愛鄉,精英村,廬山溫泉區,https://246.swcb.gov.tw/AllFiles/PDF/97年辛樂克颱風-南投仁愛-005.pdf,20080915,2009-05-25 00:00:00
97,辛樂克颱風,"土石流,沖蝕",南投縣,信義鄉,豐丘村,災害地點位於台21線91k+600處豐丘明隧道南端,https://246.swcb.gov.tw/AllFiles/PDF/97年辛樂克颱風-南投信義-002.pdf,20080915,2009-05-25 00:00:00
97,辛樂克颱風,地滑,苗栗縣,頭屋鄉,鳴鳳村,縣道苗22夢幻桐花步道入口意像旁農路南側邊坡,https://246.swcb.gov.tw/AllFiles/PDF/97年辛樂克颱風-苗栗頭屋-001.pdf,20080915,2009-05-25 00:00:00
97,辛樂克颱風,地滑,苗栗縣,銅鑼鄉,盛隆村,電桿編號麻園幹108號,https://246.swcb.gov.tw/AllFiles/PDF/97年辛樂克颱風-苗栗銅鑼-002.pdf,20080915,2009-05-25 00:00:00
97,辛樂克颱風,沖蝕,臺中市,北屯區,大坑里,電桿編號竹豐枝45號,https://246.swcb.gov.tw/AllFiles/PDF/97年辛樂克颱風-台中北屯-001.pdf,20080915,2009-05-25 00:00:00
97,辛樂克颱風,洪水,南投縣,仁愛鄉,南豐村,受災地點位於台14線里程73k+100處東眼山橋,https://246.swcb.gov.tw/AllFiles/PDF/97年辛樂克颱風-南投仁愛-004.pdf,20080915,2009-05-25 00:00:00
97,辛樂克颱風,洪水,南投縣,仁愛鄉,南豐村,受災地點位於南豐橋,https://246.swcb.gov.tw/AllFiles/PDF/97年辛樂克颱風-南投仁愛-003.pdf,20080915,2009-05-25 00:00:00
97,辛樂克颱風,土石流,南投縣,仁愛鄉,南豐村,災害地點位於台14線下眉橋處,https://246.swcb.gov.tw/AllFiles/PDF/97年辛樂克颱風-南投仁愛-002.pdf,20080915,2009-05-25 00:00:00
97,辛樂克颱風,土石流,南投縣,仁愛鄉,南豐村,受災地點位於台14線里程71k+100處南山橋,https://246.swcb.gov.tw/AllFiles/PDF/97年辛樂克颱風-南投仁愛-001.pdf,20080915,2009-05-25 00:00:00
97,辛樂克颱風,土石流,宜蘭縣,礁溪鄉,匏崙村,農宜礁7號農路支線與農 宜礁7號農路交會處之無名橋,https://246.swcb.gov.tw/AllFiles/PDF/97年辛樂克颱風-宜蘭礁溪-001.pdf,20080914,2009-05-25 00:00:00
97,辛樂克颱風,沖蝕,新北市,土城區,清水里,土城市國際路139巷2號-22號後方邊坡,https://246.swcb.gov.tw/AllFiles/PDF/97年辛樂克颱風-台北土城-001.pdf,20080914,2009-05-25 00:00:00
97,辛樂克颱風,洪水,苗栗縣,銅鑼鄉,樟樹村,台13線45K+500處,https://246.swcb.gov.tw/AllFiles/PDF/97年辛樂克颱風-苗栗銅鑼-001.pdf,20080914,2009-05-25 00:00:00
97,辛樂克颱風,地滑,嘉義縣,竹崎鄉,緞繻村,緞繻村雙溪1鄰4號屋後上邊坡檳榔園,https://246.swcb.gov.tw/AllFiles/PDF/97年辛樂克颱風-嘉義竹崎-001.pdf,20080914,2009-05-25 00:00:00
97,辛樂克颱風,地滑,苗栗縣,大湖鄉,武榮村,苗55經武樂橋往坑尾寮方向約1.3公里處,https://246.swcb.gov.tw/AllFiles/PDF/97年辛樂克颱風-苗栗大湖-001.pdf,20080914,2009-05-25 00:00:00
97,辛樂克颱風,崩塌,南投縣,信義鄉,明德村,災害地點位於台21線87k+200處中油加油站,https://246.swcb.gov.tw/AllFiles/PDF/97年辛樂克颱風-南投信義-001.pdf,20080914,2009-05-25 00:00:00
97,辛樂克颱風,沖蝕,南投縣,水里鄉,郡坑村,災害地點流籠坑野溪(南投070)彰明橋上游左岸邊坡,https://246.swcb.gov.tw/AllFiles/PDF/97年辛樂克颱風-南投水里-002.pdf,20080914,2009-05-25 00:00:00
97,辛樂克颱風,洪水,南投縣,水里鄉,玉峰村,受災地點位於131縣道36k處所在野溪竹湖橋,https://246.swcb.gov.tw/AllFiles/PDF/97年辛樂克颱風-南投水里-001.pdf,20080914,2009-05-25 00:00:00
97,辛樂克颱風,地滑,新竹縣,北埔鄉,大湖村,大湖村辦公室旁,https://246.swcb.gov.tw/AllFiles/PDF/97年辛樂克颱風-新竹北埔-001.pdf,20080914,2009-05-25 00:00:00
97,鳳凰颱風,洪水,花蓮縣,鳳林鎮,鳳義里,地標：受災地點位於鳳義里鳳林溪思源橋上游側130公尺處之梳子壩,https://246.swcb.gov.tw/AllFiles/PDF/97年鳳凰颱風-花蓮鳳林-001.pdf,20080728,2009-05-25 00:00:00
97,鳳凰颱風,土石流,花蓮縣,光復鄉,大興村,"地標：受災地點位於大興村南清水溪錦豐橋上游側1,300公尺處之梳子壩",https://246.swcb.gov.tw/AllFiles/PDF/97年鳳凰颱風-花蓮光復-001.pdf,20080728,2009-05-25 00:00:00
97,鳳凰颱風,地滑,南投縣,中寮鄉,清水村,下水堀二號橋上游200公尺,https://246.swcb.gov.tw/AllFiles/PDF/97年鳳凰颱風-南投中寮-001.pdf,20080728,2009-05-25 00:00:00
97,卡玫基颱風,洪水,高雄市,六龜區,興龍里,舊潭橋上方之舊潭路30號民宅,https://246.swcb.gov.tw/AllFiles/PDF/97年卡玫基颱風-高雄六龜-007.pdf,20080719,2009-05-25 00:00:00
97,卡玫基颱風,"洪水,崩塌",南投縣,草屯鎮,雙冬里,中華檜木油博物館往北方約20公尺處,https://246.swcb.gov.tw/AllFiles/PDF/97卡玫基颱風-南投草屯-001.pdf,20080719,2009-05-25 00:00:00
97,卡玫基颱風,地滑,嘉義縣,中埔鄉,中崙村,嘉義縣公車中崙嶺站,https://246.swcb.gov.tw/AllFiles/PDF/97年卡玫基颱風-嘉義中埔-001.pdf,20080718,2009-05-25 00:00:00
97,卡玫基颱風,"土石流,洪水",臺南市,南化區,關山里,關山12號橋,https://246.swcb.gov.tw/AllFiles/PDF/97年卡玫基颱風-台南南化-002.pdf,20080718,2009-05-25 00:00:00
97,卡玫基颱風,土石流,臺南市,楠西區,灣丘里,井湖產業道路,https://246.swcb.gov.tw/AllFiles/PDF/97年卡玫基颱風-台南楠西-002.pdf,20080718,2009-05-25 00:00:00
97,卡玫基颱風,土石流,南投縣,埔里鎮,麒麟里,災害地點位於投72線6.2~7.2k處,https://246.swcb.gov.tw/AllFiles/PDF/97年卡玫基颱風-南投埔里-002.pdf,20080718,2009-05-25 00:00:00
97,卡玫基颱風,土石流,南投縣,埔里鎮,麒麟里,投69線里程4k處，過坑,https://246.swcb.gov.tw/AllFiles/PDF/97年卡玫基颱風-南投埔里-001.pdf,20080718,2009-05-25 00:00:00
97,卡玫基颱風,土石流,南投縣,信義鄉,潭南村,災害地點位於投63線潭南一號橋,https://246.swcb.gov.tw/AllFiles/PDF/97年卡玫基颱風-南投信義-001.pdf,20080718,2009-05-25 00:00:00
97,卡玫基颱風,崩塌,南投縣,水里鄉,民和村,民和橋上游,https://246.swcb.gov.tw/AllFiles/PDF/97年卡玫基颱風-南投水里-001.pdf,20080718,2009-05-25 00:00:00
97,卡玫基颱風,地滑,南投縣,仁愛鄉,翠華村,力行產業道路約39公里處,https://246.swcb.gov.tw/AllFiles/PDF/97年卡玫基颱風-南投仁愛-002.pdf,20080718,2009-05-25 00:00:00
97,卡玫基颱風,土石流,南投縣,仁愛鄉,法治村,卓社隧道出口旁,https://246.swcb.gov.tw/AllFiles/PDF/97年卡玫基颱風-南投仁愛-001.pdf,20080718,2009-05-25 00:00:00
97,卡玫基颱風,"沖蝕,洪水",南投縣,中寮鄉,福盛村,連續潛壩,https://246.swcb.gov.tw/AllFiles/PDF/97年卡玫基颱風-南投中寮-002.pdf,20080718,2009-05-25 00:00:00
97,卡玫基颱風,地滑,南投縣,中寮鄉,清水村,下水堀二號橋上游200公尺,https://246.swcb.gov.tw/AllFiles/PDF/97年卡玫基颱風-南投中寮-001.pdf,20080718,2009-05-25 00:00:00
97,卡玫基颱風,崩塌,南投縣,魚池鄉,日月村,伊達邵商店街,https://246.swcb.gov.tw/AllFiles/PDF/97年卡玫基颱風-南投魚池-001.pdf,20080718,2009-05-25 00:00:00
97,卡玫基颱風,地滑,高雄市,六龜區,寶來里,高雄縣六龜鄉寶來村五龍宮,https://246.swcb.gov.tw/AllFiles/PDF/97年卡玫基颱風-高雄六龜-004.pdf,20080718,2009-05-25 00:00:00
97,卡玫基颱風,土石流,高雄市,六龜區,中興里,聖母宮東南方160公尺,https://246.swcb.gov.tw/AllFiles/PDF/97年卡玫基颱風-高雄六龜-002.pdf,20080718,2009-05-25 00:00:00
97,卡玫基颱風,土石流,高雄市,桃源區,建山里,建山二橋,https://246.swcb.gov.tw/AllFiles/PDF/97年卡玫基颱風-高雄桃源-002.pdf,20080718,2009-05-25 00:00:00
97,卡玫基颱風,土石流,高雄市,桃源區,建山里,建山國小西北側之2鄰57-1號民宅,https://246.swcb.gov.tw/AllFiles/PDF/97年卡玫基颱風-高雄桃源-001.pdf,20080718,2009-05-25 00:00:00
97,卡玫基颱風,崩塌,高雄市,那瑪夏區,瑪雅里,高雄縣那瑪夏鄉三民國中,https://246.swcb.gov.tw/AllFiles/PDF/97年卡玫基颱風-高雄那瑪夏-001.pdf,20080718,2009-05-25 00:00:00
97,卡玫基颱風,"土石流,洪水",臺中市,新社區,協成里,協中街與南華街口,https://246.swcb.gov.tw/AllFiles/PDF/97年卡玫基颱風-台中新社-001.pdf,20080718,2009-05-25 00:00:00
97,卡玫基颱風,沖蝕,臺中市,東勢區,慶福里,天公廟,https://246.swcb.gov.tw/AllFiles/PDF/97年卡玫基颱風-台中東勢-001.pdf,20080718,2009-05-25 00:00:00
97,卡玫基颱風,"土石流,沖蝕",臺中市,北屯區,民德里,雙連橋與長壽橋上游,https://246.swcb.gov.tw/AllFiles/PDF/97年卡玫基颱風-台中北屯-001.pdf,20080718,2009-05-25 00:00:00
97,卡玫基颱風,沖蝕,高雄市,六龜區,中興里,受災地點位於台27線17.3k處大智瀑布,https://246.swcb.gov.tw/AllFiles/PDF/97年卡玫基颱風-高雄六龜-003.pdf,20080717,2009-05-25 00:00:00
97,卡玫基颱風,土石流,高雄市,杉林區,木梓里,福德寺,https://246.swcb.gov.tw/AllFiles/PDF/97年卡玫基颱風-高雄杉林-001.pdf,20080717,2009-05-25 00:00:00
97,卡玫基颱風,沖蝕,高雄市,甲仙區,東安里,台20線內寮橋,https://246.swcb.gov.tw/AllFiles/PDF/97年卡玫基颱風-高雄甲仙-004.pdf,20080717,2009-05-25 00:00:00
97,卡玫基颱風,"沖蝕,洪水",高雄市,甲仙區,東安里,鹽酸坑橋上游約140公尺,https://246.swcb.gov.tw/AllFiles/PDF/97年卡玫基颱風-高雄甲仙-003.pdf,20080717,2009-05-25 00:00:00
97,卡玫基颱風,崩塌,高雄市,甲仙區,大田里,高129線約1.1k處(仙橋),https://246.swcb.gov.tw/AllFiles/PDF/97年卡玫基颱風-高雄甲仙-002.pdf,20080717,2009-05-25 00:00:00
97,卡玫基颱風,"土石流,洪水",高雄市,甲仙區,東安里,高130線3.7k處南邑慈恩第11號橋,https://246.swcb.gov.tw/AllFiles/PDF/97年卡玫基颱風-高雄甲仙-001.pdf,20080717,2009-05-25 00:00:00
97,卡玫基颱風,沖蝕,高雄市,六龜區,寶來里,災害地點位於台20線79k處檨仔腳聚落,https://246.swcb.gov.tw/AllFiles/PDF/97年卡玫基颱風-高雄六龜-001.pdf,20080717,2009-05-25 00:00:00
97,卡玫基颱風,土石流,臺南市,楠西區,龜丹里,南186鄉道約5.5K,https://246.swcb.gov.tw/AllFiles/PDF/97年卡玫基颱風-台南楠西-004.pdf,20080717,2009-05-25 00:00:00
97,卡玫基颱風,洪水,臺南市,楠西區,灣丘里,妙玄宮,https://246.swcb.gov.tw/AllFiles/PDF/97年卡玫基颱風-台南楠西-003.pdf,20080717,2009-05-25 00:00:00
97,卡玫基颱風,崩塌,臺南市,楠西區,照興里,楠西鄉照興村,https://246.swcb.gov.tw/AllFiles/PDF/97年卡玫基颱風-台南楠西-001.pdf,20080717,2009-05-25 00:00:00
97,卡玫基颱風,崩塌,臺南市,南化區,玉山里,青山宮旁,https://246.swcb.gov.tw/AllFiles/PDF/97年卡玫基颱風-台南南化-001.pdf,20080717,2009-05-25 00:00:00
97,卡玫基颱風,土石流,臺南市,東山區,南勢里,碧蓮寺(175縣道19.7k),https://246.swcb.gov.tw/AllFiles/PDF/97年卡玫基颱風-台南東山-002.pdf,20080717,2009-05-25 00:00:00
97,卡玫基颱風,土石流,臺南市,東山區,南勢里,175縣道21.6k,https://246.swcb.gov.tw/AllFiles/PDF/97年卡玫基颱風-台南東山-001.pdf,20080717,2009-05-25 00:00:00
97,卡玫基颱風,"沖蝕,洪水",高雄市,六龜區,寶來里,建山一橋,https://246.swcb.gov.tw/AllFiles/PDF/97年卡玫基颱風-高雄六龜-006.pdf,20080717,2009-05-25 00:00:00
97,卡玫基颱風,土石流,高雄市,六龜區,寶來里,寶來一號橋,https://246.swcb.gov.tw/AllFiles/PDF/97年卡玫基颱風-高雄六龜-005.pdf,20080717,2009-05-25 00:00:00
97,其他,地滑,南投縣,國姓鄉,大旗村,長旗產業道路上,https://246.swcb.gov.tw/AllFiles/PDF/97年其他-南投國姓-001.pdf,20080713,2009-05-25 00:00:00
97,其他,洪水,彰化縣,社頭鄉,清水村,地標：重生路與清新路交叉口處,https://246.swcb.gov.tw/AllFiles/PDF/97年其他-彰化社頭-001.pdf,20080710,2009-05-25 00:00:00
97,其他,地滑,南投縣,鹿谷鄉,鳳凰村,圓山橋,https://246.swcb.gov.tw/AllFiles/PDF/97年其他-南投鹿谷-001.pdf,20080613,2009-05-25 00:00:00
97,其他,地滑,新竹縣,五峰鄉,桃山村,大鹿林道1公里處,https://246.swcb.gov.tw/AllFiles/PDF/97年其他-新竹五峰-001.pdf,20080525,2009-05-25 00:00:00
97,其他,沖蝕,南投縣,信義鄉,雙龍村,台16線40公里處,https://246.swcb.gov.tw/AllFiles/PDF/97年其他-南投信義-001.pdf,20080312,2009-05-25 00:00:00
96,其他,沖蝕,花蓮縣,鳳林鎮,森榮里,林田山林業文化園區內之,https://246.swcb.gov.tw/AllFiles/PDF/96年其他-花蓮鳳林-001.pdf,20071015,NULL
96,柯羅莎颱風,洪水,苗栗縣,苗栗市,水源里,台6線6.7k處龜山便橋。,https://246.swcb.gov.tw/AllFiles/PDF/96年柯羅莎颱風-苗栗苗栗-001.pdf,20071007,NULL
96,柯羅莎颱風,沖蝕,新北市,五股區,觀音里,靜修堂。,https://246.swcb.gov.tw/AllFiles/PDF/96年柯羅莎颱風-台北五股-001.pdf,20071007,NULL
96,柯羅莎颱風,洪水,嘉義縣,竹崎鄉,龍山村,縣道嘉122線45k處金福橋,https://246.swcb.gov.tw/AllFiles/PDF/96年柯羅莎颱風-嘉義竹崎-001.pdf,20071006,NULL
96,柯羅莎颱風,沖蝕,新竹縣,尖石鄉,錦屏村,錦屏美人湯館,https://246.swcb.gov.tw/AllFiles/PDF/96年柯羅莎颱風-新竹尖石-001.pdf,20071006,NULL
96,柯羅莎颱風,沖蝕,臺北市,士林區,新安里,新安路21之1號,https://246.swcb.gov.tw/AllFiles/PDF/96年柯羅莎颱風-台北士林-001.pdf,20071006,NULL
96,柯羅莎颱風,地滑,臺中市,石岡區,金星里,石忠宮,https://246.swcb.gov.tw/AllFiles/PDF/96年柯羅莎颱風-台中石岡-001.pdf,20071006,NULL
96,柯羅莎颱風,沖蝕,臺中市,太平區,頭汴里,北田路1k處,https://246.swcb.gov.tw/AllFiles/PDF/96年柯羅莎颱風-台中太平-001.pdf,20071006,NULL
96,柯羅莎颱風,沖蝕,新北市,淡水區,福德里,一修寺,https://246.swcb.gov.tw/AllFiles/PDF/96年柯羅莎颱風-台北淡水-001.pdf,20071006,NULL
96,韋帕颱風,地滑,苗栗縣,三義鄉,鯉魚潭村,林務局第4林班地,https://246.swcb.gov.tw/AllFiles/PDF/96年韋帕颱風-苗栗三義-001.pdf,20070919,NULL
96,韋帕颱風,"沖蝕,洪水",桃園市,復興區,華陵里,桃113縣道0k+800處,https://246.swcb.gov.tw/AllFiles/PDF/96年韋帕颱風-桃園復興-002.pdf,20070918,NULL
96,韋帕颱風,洪水,桃園市,復興區,華陵里,巴陵壩,https://246.swcb.gov.tw/AllFiles/PDF/ImpDR_ea9_96年韋帕颱風-桃園復興-001.pdf,20070918,NULL
96,韋帕颱風,土石流,苗栗縣,獅潭鄉,新豐村,八角坑產業道路與野溪會合處,https://246.swcb.gov.tw/AllFiles/PDF/96年韋帕颱風-苗栗獅潭-001.pdf,20070918,NULL
96,韋帕颱風,沖蝕,桃園市,復興區,三光里,抬耀2號野溪,https://246.swcb.gov.tw/AllFiles/PDF/96年韋帕颱風-桃園復興-003.pdf,20070918,NULL
96,其他,洪水,嘉義縣,竹崎鄉,緞繻村,緞繻村1鄰雙溪4號屋後山坡下、6-1號屋後山坡下,https://246.swcb.gov.tw/AllFiles/PDF/96年其他-嘉義竹崎-001.pdf,20070902,NULL
96,聖帕颱風,土石流,高雄市,六龜區,寶來里,寶來一橋,https://246.swcb.gov.tw/AllFiles/PDF/96年聖帕颱風-高雄六龜-001.pdf,20070820,NULL
96,聖帕颱風,地滑,嘉義縣,竹崎鄉,光華村,159甲縣道31k,https://246.swcb.gov.tw/AllFiles/PDF/96年聖帕颱風-嘉義竹崎-001.pdf,20070820,NULL
96,聖帕颱風,土石流,高雄市,甲仙區,東安里,高雄T004,https://246.swcb.gov.tw/AllFiles/PDF/96年聖帕颱風-高雄甲仙-001.pdf,20070819,NULL
96,聖帕颱風,地滑,南投縣,中寮鄉,龍岩村,中寮鄉龍岩村(小溪旁產業道路),https://246.swcb.gov.tw/AllFiles/PDF/96聖帕颱風-南投中寮-001.pdf,20070819,NULL
96,聖帕颱風,地滑,嘉義縣,中埔鄉,石弄村,嘉135鄉道9.3k處,https://246.swcb.gov.tw/AllFiles/PDF/96年聖帕颱風-嘉義中埔-001.pdf,20070818,NULL
96,0809豪雨,沖蝕,高雄市,三民區,九如里,清水巖路254號民宅,https://246.swcb.gov.tw/AllFiles/PDF/960809豪雨-高雄林園-001.pdf,20070815,NULL
96,0809豪雨,沖蝕,臺南市,南化區,西埔里,西埔國小,https://246.swcb.gov.tw/AllFiles/PDF/960809豪雨-台南南化-001.pdf,20070814,NULL
96,0809豪雨,沖蝕,屏東縣,瑪家鄉,瑪家村,瑪家鄉瑪家村(好茶道路，距原住民族文化園區入口約 3公里處),https://246.swcb.gov.tw/AllFiles/PDF/960809豪雨-屏東瑪家-002.pdf,20070813,NULL
96,0809豪雨,沖蝕,屏東縣,三地門鄉,達來村,好茶道路(距好茶獅子橋 2.8 km),https://246.swcb.gov.tw/AllFiles/PDF/960809豪雨-屏東三地門-002.pdf,20070813,NULL
96,0809豪雨,洪水,臺南市,龍崎區,土崎里,內拷潭橋,https://246.swcb.gov.tw/AllFiles/PDF/960809豪雨-台南龍崎-001.pdf,20070813,NULL
96,0809豪雨,洪水,臺南市,玉井區,沙田里,沙田橋,https://246.swcb.gov.tw/AllFiles/PDF/960809豪雨-台南玉井-001.pdf,20070813,NULL
96,0809豪雨,洪水,南投縣,埔里鎮,成功里,投68線4k+112(成功橋)旁支線上游處約1.5km處,https://246.swcb.gov.tw/AllFiles/PDF/960809豪雨-南投埔里-002.pdf,20070813,NULL
96,0809豪雨,沖蝕,南投縣,埔里鎮,蜈蚣里,投79線,https://246.swcb.gov.tw/AllFiles/PDF/960809豪雨-南投埔里-001.pdf,20070813,NULL
96,0809豪雨,沖蝕,屏東縣,九如鄉,九明村,好茶國小後方邊坡,https://246.swcb.gov.tw/AllFiles/PDF/960809豪雨-屏東霧台-002.pdf,20070813,NULL
96,0809豪雨,沖蝕,屏東縣,九如鄉,九明村,好茶教會右側邊坡,https://246.swcb.gov.tw/AllFiles/PDF/960809豪雨-屏東霧台-001.pdf,20070813,NULL
96,0809豪雨,沖蝕,屏東縣,瑪家鄉,瑪家村,好茶道路、觀流吊橋,https://246.swcb.gov.tw/AllFiles/PDF/960809豪雨-屏東瑪家-003.pdf,20070813,NULL
96,0809豪雨,土石流,屏東縣,瑪家鄉,瑪家村,獅子橋,https://246.swcb.gov.tw/AllFiles/PDF/960809豪雨-屏東瑪家-001.pdf,20070813,NULL
96,0809豪雨,沖蝕,屏東縣,三地門鄉,達來村,好茶道路,https://246.swcb.gov.tw/AllFiles/PDF/960809豪雨-屏東三地門-003.pdf,20070813,NULL
96,0809豪雨,土石流,屏東縣,三地門鄉,達來村,好茶道路,https://246.swcb.gov.tw/AllFiles/PDF/960809豪雨-屏東三地門-001.pdf,20070813,NULL
96,0809豪雨,洪水,臺中市,東勢區,泰昌里,東崎街義渡橋下游約135公尺處,https://246.swcb.gov.tw/AllFiles/PDF/960809豪雨-台中東勢-001.pdf,20070811,NULL
96,0809豪雨,沖蝕,南投縣,鹿谷鄉,清水村,南投縣產業運輸大道,https://246.swcb.gov.tw/AllFiles/PDF/960809豪雨-南投鹿谷-001.pdf,20070810,NULL
96,0809豪雨,洪水,臺南市,龍崎區,崎頂里,崎腳橋,https://246.swcb.gov.tw/AllFiles/PDF/960809豪雨-台南龍崎-002.pdf,20070809,NULL
96,0809豪雨,土石流,臺東縣,太麻里鄉,大王村,無明顯地標，鄰近沙崙溪,https://246.swcb.gov.tw/AllFiles/PDF/960809豪雨-台東太麻里-001.pdf,20070809,NULL
96,0604豪雨,沖蝕,新北市,中和區,華南里,中和市華南里(磐石社區),https://246.swcb.gov.tw/AllFiles/PDF/960604豪雨-台北中和-001.pdf,20070610,NULL
96,0604豪雨,洪水,臺中市,東勢區,慶福里,福南橋,https://246.swcb.gov.tw/AllFiles/PDF/960604豪雨-台中東勢-002.pdf,20070609,NULL
96,0604豪雨,沖蝕,南投縣,仁愛鄉,大同村,台電萬大電廠第二號辦公室,https://246.swcb.gov.tw/AllFiles/PDF/960604豪雨-南投仁愛-001.pdf,20070609,NULL
96,0604豪雨,沖蝕,新北市,石碇區,潭邊里,縣106乙6.8K處之邊坡崩塌，近「大樹下」餐飲店,https://246.swcb.gov.tw/AllFiles/PDF/960604豪雨-台北石碇-001.pdf,20070608,NULL
96,0604豪雨,地滑,臺中市,東勢區,泰興里,勝玄宮,https://246.swcb.gov.tw/AllFiles/PDF/960604豪雨-台中東勢-001.pdf,20070608,NULL
96,0604豪雨,沖蝕,南投縣,國姓鄉,乾溝村,仁愛橋,https://246.swcb.gov.tw/AllFiles/PDF/960604豪雨-南投國姓-002.pdf,20070608,NULL
96,0604豪雨,地滑,南投縣,國姓鄉,乾溝村,清景橋,https://246.swcb.gov.tw/AllFiles/PDF/960604豪雨-南投國姓-001.pdf,20070608,NULL
96,0604豪雨,沖蝕,基隆市,安樂區,三民里,中山高速公路八堵交流道下，左轉往金山方向沿麥金路行駛約1200公尺處,https://246.swcb.gov.tw/AllFiles/PDF/960604豪雨-基隆安樂-001.pdf,20070608,NULL
96,0604豪雨,洪水,桃園市,復興區,高義里,台七線北橫公路約41k+800處蘇樂橋,https://246.swcb.gov.tw/AllFiles/PDF/960604豪雨-桃園復興-001.pdf,20070608,NULL
96,0604豪雨,洪水,苗栗縣,通霄鎮,福源里,福源橋旁,https://246.swcb.gov.tw/AllFiles/PDF/960604豪雨-苗栗通霄-001.pdf,20070608,NULL
96,0604豪雨,洪水,苗栗縣,泰安鄉,象鼻村,麻必浩溪與大安溪交匯處,https://246.swcb.gov.tw/AllFiles/PDF/960604豪雨-苗栗泰安-003.pdf,20070608,NULL
96,0604豪雨,洪水,苗栗縣,泰安鄉,象鼻村,大安一橋,https://246.swcb.gov.tw/AllFiles/PDF/960604豪雨-苗栗泰安-002.pdf,20070608,NULL
96,0604豪雨,洪水,苗栗縣,泰安鄉,梅園村,司馬限林道14k處,https://246.swcb.gov.tw/AllFiles/PDF/960604豪雨-苗栗泰安-001.pdf,20070608,NULL
96,0604豪雨,沖蝕,南投縣,國姓鄉,南港村,九份二山龍南道路,https://246.swcb.gov.tw/AllFiles/PDF/960604豪雨-南投國姓-003.pdf,20070607,NULL
96,0604豪雨,地滑,南投縣,水里鄉,車埕村,投131線29k+50~110處,https://246.swcb.gov.tw/AllFiles/PDF/960604豪雨-南投水里-001.pdf,20070607,NULL
96,0604豪雨,洪水,南投縣,仁愛鄉,互助村,投80線約4.5K過眉原橋，左轉走中原橋進西寶農路約2.5K處，即為崩塌地。,https://246.swcb.gov.tw/AllFiles/PDF/960604豪雨-南投仁愛-003.pdf,20070604,NULL
96,0604豪雨,沖蝕,南投縣,仁愛鄉,互助村,清流橋,https://246.swcb.gov.tw/AllFiles/PDF/960604豪雨-南投仁愛-002.pdf,20070604,NULL
96,其他,沖蝕,雲林縣,林內鄉,坪頂村,台3線與雲61線交會口往坪頂村方向約3 km處,https://246.swcb.gov.tw/AllFiles/PDF/96年其他-雲林林內-001.pdf,20070522,NULL
95,0609豪雨,土石流,南投縣,水里鄉,上安村,安山三號橋、上安橋,https://246.swcb.gov.tw/AllFiles/PDF/950609豪雨-南投水里-001.pdf,20060610,NULL
95,0609豪雨,沖蝕,苗栗縣,卓蘭鎮,上新里,食水坑休閒農業區,https://246.swcb.gov.tw/AllFiles/PDF/950609豪雨-苗栗卓蘭-001.pdf,20060610,NULL
95,0609豪雨,沖蝕,苗栗縣,苗栗市,新英里,台鐵台中線k145處,https://246.swcb.gov.tw/AllFiles/PDF/950609豪雨-苗栗苗栗-001.pdf,20060610,NULL
95,0609豪雨,土石流,高雄市,六龜區,大津里,津鳳宮,https://246.swcb.gov.tw/AllFiles/PDF/950609豪雨-高雄六龜-002.pdf,20060610,NULL
95,0609豪雨,沖蝕,雲林縣,林內鄉,坪頂村,台3線與雲61線交會口往坪頂村方向約3 km處,https://246.swcb.gov.tw/AllFiles/PDF/950609豪雨-雲林林內-001.pdf,20060609,NULL
95,0609豪雨,土石流,高雄市,六龜區,大津里,大津靈修營地,https://246.swcb.gov.tw/AllFiles/PDF/950609豪雨-高雄六龜-001.pdf,20060609,NULL
95,0609豪雨,沖蝕,南投縣,信義鄉,人和村,人和國小,https://246.swcb.gov.tw/AllFiles/PDF/950609豪雨-南投信義-001.pdf,20060609,NULL
95,0609豪雨,沖蝕,南投縣,仁愛鄉,大同村,台電萬大電廠第二號辦公室,https://246.swcb.gov.tw/AllFiles/PDF/950609豪雨-南投仁愛-001.pdf,20060609,NULL
95,0609豪雨,沖蝕,南投縣,仁愛鄉,翠華村,力行產業道路42k+700處,https://246.swcb.gov.tw/AllFiles/PDF/950609豪雨-南投仁愛-002.pdf,20060609,NULL
